12:58:32,910;0;0;0;0;0;0
12:58:32,922;0;0;0;0;0;0
12:58:32,930;0;0;0;0;0;0
12:58:32,941;0;0;0;0;0;0
12:58:32,950;0;0;0;0;0;0
12:58:32,960;0;0;0;0;0;0
12:58:32,970;0;0;0;0;0;0
12:58:32,994;0;0;0;0;0;0
12:58:32,998;0;0;0;0;0;0
12:58:33,002;0;0;0;0;0;0
12:58:33,010;0;0;0;0;0;0
12:58:33,023;0;0;0;0;0;0
12:58:33,029;0;0;0;0;0;0
12:58:33,039;0;0;0;0;0;0
12:58:33,049;0;0;0;0;0;0
12:58:33,059;0;0;0;0;0;0
12:58:33,069;0;0;0;0;0;0
12:58:33,080;0;0;0;0;0;0
12:58:33,092;0;0;0;0;0;0
12:58:33,099;0;0;0;0;0;0
12:58:33,109;0;0;0;0;0;0
12:58:33,119;0;0;0;0;0;0
12:58:33,129;0;0;0;0;0;0
12:58:33,140;0;0;0;0;0;0
12:58:33,150;0;0;0;0;0;0
12:58:33,159;0;0;0;0;0;0
12:58:33,169;0;0;0;0;0;0
12:58:33,179;0;0;0;0;0;0
12:58:33,192;0;0;0;0;0;0
12:58:33,200;0;0;0;0;0;0
12:58:33,209;0;0;0;0;0;0
12:58:33,219;0;0;0;0;0;0
12:58:33,229;0;0;0;0;0;0
12:58:33,241;0;0;0;0;0;0
12:58:33,249;0;0;0;0;0;0
12:58:33,259;0;0;0;0;0;0
12:58:33,269;0;0;0;0;0;0
12:58:33,282;0;0;0;0;0;0
12:58:33,290;0;0;0;0;0;0
12:58:33,299;0;0;0;0;0;0
12:58:33,309;0;0;0;0;0;0
12:58:33,319;0;0;0;0;0;0
12:58:33,331;0;0;0;0;0;0
12:58:33,340;0;0;0;0;0;0
12:58:33,354;0;0;0;0;0;0
12:58:33,359;0;0;0;0;0;0
12:58:33,369;0;0;0;0;0;0
12:58:33,380;0;0;0;0;0;0
12:58:33,391;0;0;0;0;0;0
12:58:33,399;0;0;0;0;0;0
12:58:33,409;0;0;0;0;0;0
12:58:33,419;0;0;0;0;0;0
12:58:33,433;0;0;0;0;0;0
12:58:33,440;0;0;0;0;0;0
12:58:33,449;0;0;0;0;0;0
12:58:33,459;0;0;0;0;0;0
12:58:33,469;0;0;0;0;0;0
12:58:33,481;0;0;0;0;0;0
12:58:33,490;0;0;0;0;0;0
12:58:33,499;0;0;0;0;0;0
12:58:33,509;0;0;0;0;0;0
12:58:33,519;0;0;0;0;0;0
12:58:33,529;0;0;0;0;0;0
12:58:33,540;0;0;0;0;0;0
12:58:33,549;0;0;0;0;0;0
12:58:33,559;0;0;0;0;0;0
12:58:33,569;0;0;0;0;0;0
12:58:33,579;0;0;0;0;0;0
12:58:33,590;0;0;0;0;0;0
12:58:33,599;0;0;0;0;0;0
12:58:33,609;0;0;0;0;0;0
12:58:33,620;0;0;0;0;0;0
12:58:33,630;0;0;0;0;0;0
12:58:33,640;0;0;0;0;0;0
12:58:33,650;0;0;0;0;0;0
12:58:33,661;0;0;0;0;0;0
12:58:33,670;0;0;0;0;0;0
12:58:33,681;0;0;0;0;0;0
12:58:33,691;0;0;0;0;0;0
12:58:33,700;0;0;0;0;0;0
12:58:33,710;0;0;0;0;0;0
12:58:33,720;0;0;0;0;0;0
12:58:33,731;0;0;0;0;0;0
12:58:33,742;0;0;0;0;0;0
12:58:33,753;0;0;0;0;0;0
12:58:33,760;0;0;0;0;0;0
12:58:33,770;0;0;0;0;0;0
12:58:33,780;0;0;0;0;0;0
12:58:33,793;0;0;0;0;0;0
12:58:33,800;0;0;0;23;17;23
12:58:33,813;-17;-23;-17;23;17;23
12:58:33,822;-17;-23;-17;13;10;13
12:58:33,831;-14;-19;-13;13;10;13
12:58:33,844;-14;-19;-13;13;10;13
12:58:33,850;-7;-10;-6;13;10;13
12:58:33,860;-7;-10;-6;9;6;9
12:58:33,871;-7;-10;-6;9;6;9
12:58:33,880;-7;-10;-6;4;3;4
12:58:33,890;-1;-1;0;4;3;4
12:58:33,900;-1;-1;0;0;0;0
12:58:33,910;-1;-1;0;0;0;0
12:58:33,920;-1;-1;0;0;0;0
12:58:33,930;-1;0;0;0;0;0
12:58:33,940;-1;0;0;0;0;0
12:58:33,950;-1;0;0;0;0;0
12:58:33,959;-1;0;0;0;0;0
12:58:33,970;-1;0;0;0;0;0
12:58:33,983;-1;0;0;0;0;0
12:58:33,989;-1;0;0;0;0;0
12:58:34,016;-1;0;0;0;0;0
12:58:34,021;-1;0;0;0;0;0
12:58:34,026;-1;0;0;0;0;0
12:58:34,035;-1;0;0;0;0;0
12:58:34,040;-1;0;0;0;0;0
12:58:34,049;0;0;0;0;0;0
12:58:34,059;0;0;0;0;0;0
12:58:34,069;0;0;0;0;0;0
12:58:34,080;0;0;0;0;0;0
12:58:34,090;0;0;0;0;0;0
12:58:34,100;0;0;0;0;0;0
12:58:34,112;0;0;0;0;0;0
12:58:34,121;-1;0;0;0;0;0
12:58:34,129;-1;0;0;0;0;0
12:58:34,139;-1;0;0;0;0;0
12:58:34,151;-1;0;0;0;0;0
12:58:34,159;-1;0;0;0;0;0
12:58:34,169;-1;0;0;0;0;0
12:58:34,180;-2;0;0;0;0;0
12:58:34,189;-2;0;0;0;0;0
12:58:34,199;-2;0;0;0;0;0
12:58:34,212;-2;0;0;0;0;0
12:58:34,219;-1;0;0;0;0;0
12:58:34,229;-1;0;0;0;0;0
12:58:34,246;-2;0;0;0;0;0
12:58:34,253;-2;0;0;0;0;0
12:58:34,259;-2;0;0;0;0;0
12:58:34,273;-2;0;0;0;0;0
12:58:34,280;-1;0;0;0;0;0
12:58:34,291;-1;0;0;0;0;0
12:58:34,303;-1;0;0;0;0;0
12:58:34,309;-1;0;0;0;0;0
12:58:34,322;-1;0;0;0;0;0
12:58:34,329;-1;0;0;0;0;0
12:58:34,339;0;0;0;0;0;0
12:58:34,350;0;0;0;0;0;0
12:58:34,359;0;0;0;0;0;0
12:58:34,369;0;0;0;0;0;0
12:58:34,380;0;0;0;0;0;0
12:58:34,389;0;0;0;0;0;0
12:58:34,399;0;0;0;0;0;0
12:58:34,413;0;0;0;0;0;0
12:58:34,419;0;-1;0;0;0;0
12:58:34,430;0;-1;0;0;0;0
12:58:34,439;0;-1;0;0;0;0
12:58:34,450;0;-1;0;0;0;0
12:58:34,461;-1;-1;-1;0;0;0
12:58:34,470;-1;-1;-1;0;0;0
12:58:34,480;-1;-1;-1;0;0;0
12:58:34,489;-1;-1;-1;0;0;0
12:58:34,499;-1;-1;-1;0;0;0
12:58:34,512;-1;-1;-1;0;0;0
12:58:34,519;-1;0;-2;0;0;0
12:58:34,529;-1;0;-2;0;0;0
12:58:34,542;-1;0;-2;0;0;0
12:58:34,550;-1;0;-2;0;0;0
12:58:34,560;-1;0;-2;0;0;0
12:58:34,570;-1;0;-2;0;0;0
12:58:34,581;0;0;-1;0;0;0
12:58:34,591;0;0;-1;0;0;0
12:58:34,600;0;-1;-1;0;0;0
12:58:34,612;0;-1;-1;0;0;0
12:58:34,620;0;-1;0;0;0;0
12:58:34,630;0;-1;0;0;0;0
12:58:34,644;0;-1;0;0;0;0
12:58:34,650;0;-1;0;0;0;0
12:58:34,663;-1;-1;0;0;0;0
12:58:34,678;-1;-1;0;0;0;0
12:58:34,684;-1;-2;0;0;0;0
12:58:34,690;-1;-2;0;0;0;0
12:58:34,700;-2;-1;0;0;0;0
12:58:34,710;-2;-1;0;0;0;0
12:58:34,723;-2;-1;0;0;0;0
12:58:34,730;-2;-1;0;0;0;0
12:58:34,740;-2;-1;0;0;0;0
12:58:34,753;-2;-1;0;0;0;0
12:58:34,765;-1;0;0;0;0;0
12:58:34,772;-1;0;0;0;0;0
12:58:34,780;-1;0;0;0;0;0
12:58:34,790;-1;0;0;0;0;0
12:58:34,804;-1;0;0;0;0;0
12:58:34,810;-1;0;0;0;0;0
12:58:34,820;-1;0;0;0;0;0
12:58:34,831;-1;0;0;0;0;0
12:58:34,840;-1;-1;0;0;0;0
12:58:34,852;-1;-1;0;0;0;0
12:58:34,862;-1;-1;0;0;0;0
12:58:34,871;-1;-1;0;0;0;0
12:58:34,881;-2;-1;0;0;0;0
12:58:34,890;-2;-1;0;0;0;0
12:58:34,900;-2;-1;0;0;0;0
12:58:34,911;-2;-1;0;0;0;0
12:58:34,919;-2;-1;0;0;0;0
12:58:34,930;-2;-1;0;0;0;0
12:58:34,940;-2;-1;0;0;0;0
12:58:34,950;-2;-1;0;0;0;0
12:58:34,961;-1;0;0;0;0;0
12:58:34,971;-1;0;0;0;0;0
12:58:34,982;-1;0;0;0;0;0
12:58:34,990;-1;0;0;0;0;0
12:58:34,999;-1;-1;0;0;0;0
12:58:35,009;-1;-1;0;0;0;0
12:58:35,037;0;-1;0;0;0;0
12:58:35,045;0;-1;0;0;0;0
12:58:35,051;-1;-1;0;0;0;0
12:58:35,057;-1;-1;0;0;0;0
12:58:35,064;-1;-1;0;0;0;0
12:58:35,072;-1;-1;0;0;0;0
12:58:35,081;-1;-1;0;0;0;0
12:58:35,090;-1;-1;0;0;0;0
12:58:35,100;-1;-1;0;0;0;0
12:58:35,110;-1;-1;0;0;0;0
12:58:35,120;-1;-1;0;0;0;0
12:58:35,129;-1;-1;0;0;0;0
12:58:35,139;-1;-1;0;0;0;0
12:58:35,151;-1;-1;0;0;0;0
12:58:35,160;-1;-1;0;0;0;0
12:58:35,175;-1;-1;0;0;0;0
12:58:35,182;-1;-2;0;0;0;0
12:58:35,189;-1;-2;0;0;0;0
12:58:35,199;-1;-1;-1;0;0;0
12:58:35,213;-1;-1;-1;0;0;0
12:58:35,219;-1;-1;-1;0;0;0
12:58:35,229;-1;-1;-1;0;0;0
12:58:35,239;0;-2;-2;0;0;0
12:58:35,249;0;-2;-2;0;0;0
12:58:35,260;0;-1;-2;0;0;0
12:58:35,269;0;-1;-2;0;0;0
12:58:35,280;0;-1;-1;0;0;0
12:58:35,292;0;-1;-1;0;0;0
12:58:35,299;0;-1;-1;0;0;0
12:58:35,309;0;-1;-1;0;0;0
12:58:35,321;0;-1;-1;0;0;0
12:58:35,329;0;-1;-1;0;0;0
12:58:35,341;0;0;-1;0;0;0
12:58:35,351;0;0;-1;0;0;0
12:58:35,359;-1;0;0;0;0;0
12:58:35,370;-1;0;0;0;0;0
12:58:35,382;-2;0;0;0;0;0
12:58:35,389;-2;0;0;0;0;0
12:58:35,399;-2;0;0;0;0;0
12:58:35,414;-2;0;0;0;0;0
12:58:35,419;-2;-1;0;0;0;0
12:58:35,433;-2;-1;0;0;0;0
12:58:35,440;-3;-1;0;0;0;0
12:58:35,449;-3;-1;0;0;0;0
12:58:35,461;-2;-2;0;0;0;0
12:58:35,469;-2;-2;0;0;0;0
12:58:35,482;-2;-2;0;0;0;0
12:58:35,489;-2;-2;0;0;0;0
12:58:35,499;-1;-2;0;0;0;0
12:58:35,513;-1;-2;0;0;0;0
12:58:35,519;-1;-1;0;0;0;0
12:58:35,531;-1;-1;0;0;0;0
12:58:35,539;0;-1;0;0;0;0
12:58:35,549;0;-1;0;0;0;0
12:58:35,559;0;-1;0;0;0;0
12:58:35,569;0;-1;0;0;0;0
12:58:35,579;0;-1;0;0;0;0
12:58:35,591;0;-1;0;0;0;0
12:58:35,599;0;-1;0;0;0;0
12:58:35,609;0;-1;0;0;0;0
12:58:35,620;0;-1;0;0;0;0
12:58:35,629;0;-1;0;0;0;0
12:58:35,639;0;-1;0;0;0;0
12:58:35,649;0;-1;0;0;0;0
12:58:35,659;-1;0;0;0;0;0
12:58:35,669;-1;0;0;0;0;0
12:58:35,680;-1;0;0;0;0;0
12:58:35,689;-1;0;0;0;0;0
12:58:35,701;-1;0;0;0;0;0
12:58:35,712;-1;0;0;0;0;0
12:58:35,720;-1;0;0;0;0;0
12:58:35,729;-1;0;0;0;0;0
12:58:35,742;-1;0;0;0;0;0
12:58:35,752;-1;0;0;0;0;0
12:58:35,763;-1;0;0;0;0;0
12:58:35,769;-1;0;0;0;0;0
12:58:35,779;0;0;0;0;0;0
12:58:35,789;0;0;0;0;0;0
12:58:35,799;-1;0;0;0;0;0
12:58:35,809;-1;0;0;0;0;0
12:58:35,821;-1;0;0;0;0;0
12:58:35,829;-1;0;0;0;0;0
12:58:35,839;-1;0;-1;0;0;0
12:58:35,849;-1;0;-1;0;0;0
12:58:35,859;-1;0;-1;0;0;0
12:58:35,869;-1;0;-1;0;0;0
12:58:35,881;-2;-1;-1;0;0;0
12:58:35,892;-2;-1;-1;0;0;0
12:58:35,901;-2;-1;-1;0;0;0
12:58:35,911;-2;-1;-1;0;0;0
12:58:35,920;-1;-1;-1;0;0;0
12:58:35,929;-1;-1;-1;0;0;0
12:58:35,940;-1;-1;0;0;0;0
12:58:35,956;-1;-1;0;0;0;0
12:58:35,961;-1;-1;0;0;0;0
12:58:35,972;-1;-1;0;0;0;0
12:58:35,979;-1;-1;0;0;0;0
12:58:35,994;-1;-1;0;0;0;0
12:58:36,001;-1;-1;0;0;0;0
12:58:36,009;-1;-1;0;0;0;0
12:58:36,022;-1;-1;0;0;0;0
12:58:36,029;-1;-1;0;0;0;0
12:58:36,060;-1;-1;0;0;0;0
12:58:36,066;-1;-1;0;0;1;0
12:58:36,071;0;0;0;0;1;0
12:58:36,077;0;0;0;0;2;0
12:58:36,082;-1;0;-1;0;2;0
12:58:36,089;-1;0;-1;0;2;0
12:58:36,099;-1;0;-1;0;2;0
12:58:36,109;-1;0;-1;0;2;0
12:58:36,120;-1;-1;-1;0;2;0
12:58:36,131;-1;-1;-1;0;2;0
12:58:36,139;-1;-1;-1;0;2;0
12:58:36,149;-1;-1;-1;1;2;0
12:58:36,159;-1;-1;-1;1;2;0
12:58:36,170;-1;-1;-1;1;2;0
12:58:36,181;0;-2;0;1;2;0
12:58:36,189;0;-2;0;2;2;0
12:58:36,200;0;-1;0;2;2;0
12:58:36,211;0;-1;0;2;2;0
12:58:36,219;0;-1;0;2;2;0
12:58:36,229;0;-1;0;2;3;0
12:58:36,240;0;-2;0;2;3;0
12:58:36,251;0;-2;0;3;3;0
12:58:36,259;-1;-2;0;3;3;0
12:58:36,269;-1;-2;0;3;4;0
12:58:36,280;-1;-2;0;3;4;0
12:58:36,289;-1;-2;0;3;4;0
12:58:36,301;-1;-2;0;3;4;0
12:58:36,309;-1;-2;0;2;5;1
12:58:36,320;-2;-3;0;2;5;1
12:58:36,330;-2;-3;0;2;5;1
12:58:36,340;-2;-3;0;2;5;1
12:58:36,349;-2;-3;0;2;5;1
12:58:36,359;-3;-3;0;2;5;1
12:58:36,372;-3;-3;0;2;5;1
12:58:36,379;-3;-3;0;2;5;2
12:58:36,389;-3;-3;0;2;5;2
12:58:36,403;-3;-3;0;3;6;2
12:58:36,409;-4;-4;0;3;6;2
12:58:36,420;-4;-4;0;3;7;2
12:58:36,429;-4;-4;-1;3;7;2
12:58:36,439;-4;-4;-1;3;7;2
12:58:36,453;-4;-4;-1;3;7;2
12:58:36,459;-4;-4;-1;3;7;3
12:58:36,472;-4;-5;-1;3;7;3
12:58:36,482;-4;-5;-1;4;8;3
12:58:36,489;-4;-5;-1;4;8;3
12:58:36,499;-4;-5;-1;4;7;4
12:58:36,509;-4;-5;-2;4;7;4
12:58:36,519;-4;-5;-2;3;8;3
12:58:36,529;-5;-6;-2;3;8;3
12:58:36,540;-5;-6;-2;4;8;4
12:58:36,549;-5;-6;-1;4;8;4
12:58:36,559;-5;-6;-1;4;8;4
12:58:36,571;-6;-6;-2;4;8;4
12:58:36,579;-6;-6;-2;4;8;4
12:58:36,590;-6;-7;-1;4;8;4
12:58:36,600;-6;-7;-1;4;9;3
12:58:36,610;-6;-7;-1;4;9;3
12:58:36,620;-6;-7;-1;5;9;5
12:58:36,634;-6;-6;-2;5;9;5
12:58:36,640;-6;-6;-2;5;9;5
12:58:36,650;-7;-8;-3;5;9;5
12:58:36,662;-7;-8;-3;5;9;5
12:58:36,671;-6;-8;-3;5;9;5
12:58:36,681;-6;-8;-3;5;9;6
12:58:36,690;-6;-8;-3;5;9;6
12:58:36,702;-6;-8;-3;5;9;5
12:58:36,712;-7;-8;-3;5;9;5
12:58:36,720;-7;-8;-3;5;9;5
12:58:36,730;-7;-8;-3;5;9;5
12:58:36,740;-7;-8;-3;6;11;7
12:58:36,750;-6;-8;-3;6;11;7
12:58:36,761;-6;-8;-3;6;11;7
12:58:36,770;-6;-8;-3;6;11;7
12:58:36,780;-6;-8;-3;7;11;7
12:58:36,790;-7;-9;-4;7;11;7
12:58:36,800;-7;-9;-4;7;11;8
12:58:36,813;-7;-9;-4;7;11;8
12:58:36,820;-7;-9;-4;7;11;8
12:58:36,830;-7;-11;-4;7;11;8
12:58:36,844;-7;-11;-4;7;11;7
12:58:36,850;-8;-11;-5;7;11;7
12:58:36,860;-8;-11;-5;7;11;7
12:58:36,870;-7;-11;-5;7;11;7
12:58:36,882;-7;-11;-5;7;11;8
12:58:36,890;-7;-11;-5;7;11;8
12:58:36,899;-7;-11;-5;7;11;8
12:58:36,910;-7;-11;-5;7;11;8
12:58:36,921;-7;-11;-5;8;12;9
12:58:36,930;-7;-11;-5;8;12;9
12:58:36,940;-7;-11;-5;8;12;9
12:58:36,950;-8;-12;-6;8;12;9
12:58:36,960;-8;-12;-6;8;12;11
12:58:36,970;-8;-12;-6;8;12;11
12:58:36,981;-8;-12;-6;8;12;11
12:58:36,991;-8;-12;-6;8;12;11
12:58:36,999;-8;-12;-6;9;12;11
12:58:37,010;-8;-13;-7;9;12;11
12:58:37,020;-8;-13;-7;8;12;11
12:58:37,029;-8;-13;-7;8;12;11
12:58:37,041;-8;-13;-7;8;12;11
12:58:37,049;-8;-12;-7;8;12;11
12:58:37,081;-8;-12;-7;9;12;12
12:58:37,087;-8;-13;-7;9;12;12
12:58:37,092;-8;-13;-7;9;12;12
12:58:37,097;-8;-14;-8;9;12;12
12:58:37,102;-8;-14;-8;9;13;12
12:58:37,111;-9;-14;-8;9;13;12
12:58:37,120;-9;-14;-8;11;12;14
12:58:37,130;-9;-14;-8;11;12;14
12:58:37,139;-9;-14;-8;11;12;14
12:58:37,152;-9;-14;-8;11;12;14
12:58:37,160;-9;-14;-8;11;13;14
12:58:37,172;-9;-14;-8;11;13;14
12:58:37,179;-9;-14;-8;11;13;14
12:58:37,189;-9;-14;-9;11;13;14
12:58:37,199;-9;-14;-9;11;13;15
12:58:37,209;-8;-14;-9;11;13;15
12:58:37,223;-8;-14;-9;11;13;14
12:58:37,232;-8;-14;-9;11;13;14
12:58:37,239;-8;-14;-9;11;13;14
12:58:37,251;-8;-15;-9;11;13;14
12:58:37,259;-8;-15;-9;11;13;15
12:58:37,270;-9;-15;-11;11;13;15
12:58:37,284;-9;-15;-11;11;13;15
12:58:37,290;-9;-15;-9;11;13;15
12:58:37,303;-9;-15;-9;11;13;15
12:58:37,311;-9;-15;-9;11;13;15
12:58:37,319;-9;-15;-9;11;13;14
12:58:37,330;-11;-15;-11;11;13;14
12:58:37,339;-11;-15;-11;11;14;17
12:58:37,349;-11;-15;-11;11;14;17
12:58:37,359;-11;-15;-11;11;13;15
12:58:37,369;-11;-15;-11;11;13;15
12:58:37,380;-11;-15;-11;12;14;15
12:58:37,389;-11;-17;-12;12;14;15
12:58:37,399;-11;-17;-12;12;13;15
12:58:37,413;-11;-17;-12;12;13;15
12:58:37,421;-11;-17;-12;12;13;15
12:58:37,429;-9;-17;-12;12;13;15
12:58:37,440;-9;-17;-12;12;13;17
12:58:37,450;-9;-15;-12;12;13;17
12:58:37,461;-9;-15;-12;12;13;17
12:58:37,469;-9;-15;-12;12;13;17
12:58:37,480;-9;-15;-12;11;14;17
12:58:37,492;-9;-15;-13;11;14;17
12:58:37,499;-9;-15;-13;11;14;17
12:58:37,510;-8;-15;-12;11;14;17
12:58:37,520;-8;-15;-12;11;14;17
12:58:37,530;-8;-15;-12;11;14;17
12:58:37,539;-8;-15;-12;12;14;17
12:58:37,549;-8;-15;-12;12;14;17
12:58:37,559;-8;-15;-12;12;14;17
12:58:37,569;-8;-17;-13;12;14;17
12:58:37,583;-8;-17;-13;11;14;18
12:58:37,591;-8;-15;-13;11;14;18
12:58:37,600;-8;-15;-13;13;14;18
12:58:37,611;-10;-15;-13;13;14;18
12:58:37,620;-10;-15;-13;12;14;18
12:58:37,634;-11;-15;-14;12;14;18
12:58:37,640;-11;-15;-14;12;14;18
12:58:37,649;-12;-17;-15;12;14;18
12:58:37,662;-12;-17;-15;13;15;18
12:58:37,670;-12;-15;-15;13;15;18
12:58:37,682;-12;-15;-15;12;14;18
12:58:37,691;-13;-17;-15;12;14;18
12:58:37,700;-13;-17;-15;12;14;18
12:58:37,709;-12;-17;-17;12;14;18
12:58:37,719;-12;-17;-17;12;15;18
12:58:37,729;-13;-17;-17;12;15;18
12:58:37,741;-13;-17;-17;13;15;19
12:58:37,749;-12;-17;-17;13;15;19
12:58:37,759;-12;-17;-17;12;15;18
12:58:37,773;-12;-18;-19;12;15;18
12:58:37,779;-12;-18;-19;12;15;18
12:58:37,789;-12;-18;-19;12;15;18
12:58:37,799;-12;-18;-19;12;17;18
12:58:37,809;-12;-18;-19;12;17;18
12:58:37,819;-12;-18;-19;12;17;18
12:58:37,829;-12;-18;-19;12;17;18
12:58:37,841;-12;-18;-19;12;17;18
12:58:37,849;-12;-18;-19;12;17;18
12:58:37,859;-12;-18;-19;12;17;18
12:58:37,869;-13;-18;-19;12;17;18
12:58:37,888;-13;-18;-19;12;18;19
12:58:37,899;-12;-17;-20;12;18;19
12:58:37,905;-12;-17;-20;13;18;19
12:58:37,911;-13;-17;-21;13;18;19
12:58:37,930;-13;-17;-21;13;18;19
12:58:37,936;-13;-17;-21;13;18;19
12:58:37,942;-13;-17;-21;12;19;19
12:58:37,951;-14;-18;-21;12;19;19
12:58:37,960;-14;-18;-21;13;18;18
12:58:37,970;-13;-18;-23;13;18;18
12:58:37,979;-13;-18;-23;13;18;18
12:58:38,006;-14;-19;-23;13;18;18
12:58:38,011;-14;-19;-23;13;18;18
12:58:38,016;-14;-19;-23;13;18;18
12:58:38,022;-14;-19;-23;12;19;18
12:58:38,029;-14;-18;-24;12;19;18
12:58:38,043;-14;-18;-24;12;16;18
12:58:38,049;-17;-19;-21;12;16;18
12:58:38,059;-17;-19;-21;12;16;18
12:58:38,070;-17;-19;-21;12;16;18
12:58:38,106;-17;-19;-21;12;16;18
12:58:38,111;-15;-14;-24;12;16;18
12:58:38,117;-15;-14;-24;12;17;19
12:58:38,122;-15;-14;-24;12;17;19
12:58:38,127;-15;-14;-24;13;20;18
12:58:38,132;-18;-16;-23;13;20;18
12:58:38,139;-18;-16;-23;12;20;19
12:58:38,149;-15;-14;-24;12;20;19
12:58:38,159;-15;-14;-24;12;21;19
12:58:38,169;-15;-14;-24;12;21;19
12:58:38,179;-15;-14;-24;12;21;19
12:58:38,191;-18;-20;-24;12;21;19
12:58:38,199;-18;-20;-24;13;20;19
12:58:38,210;-18;-20;-24;13;20;19
12:58:38,219;-18;-20;-24;13;20;19
12:58:38,229;-18;-20;-24;13;20;19
12:58:38,242;-18;-20;-24;12;21;18
12:58:38,249;-18;-20;-24;12;21;18
12:58:38,259;-18;-20;-24;12;21;18
12:58:38,269;-19;-21;-25;12;21;18
12:58:38,279;-19;-21;-25;13;21;18
12:58:38,292;-19;-20;-24;13;21;18
12:58:38,299;-19;-20;-24;13;23;18
12:58:38,309;-20;-20;-24;13;23;18
12:58:38,319;-20;-20;-24;13;24;19
12:58:38,329;-20;-20;-24;13;24;19
12:58:38,341;-20;-20;-24;13;24;19
12:58:38,349;-20;-20;-24;13;24;19
12:58:38,358;-20;-20;-24;13;24;19
12:58:38,368;-21;-20;-23;13;24;19
12:58:38,378;-21;-20;-23;13;24;20
12:58:38,388;-21;-20;-23;13;24;20
12:58:38,400;-21;-20;-23;12;25;20
12:58:38,413;-21;-20;-23;12;25;20
12:58:38,419;-21;-20;-23;12;25;20
12:58:38,428;-23;-21;-23;12;25;20
12:58:38,438;-23;-21;-23;14;24;20
12:58:38,452;-23;-20;-23;14;24;20
12:58:38,458;-23;-20;-23;14;24;20
12:58:38,471;-23;-21;-23;14;24;20
12:58:38,480;-23;-21;-23;13;24;20
12:58:38,488;-23;-21;-23;13;24;20
12:58:38,499;-23;-21;-23;14;24;20
12:58:38,508;-24;-21;-23;14;24;20
12:58:38,522;-24;-21;-23;14;24;20
12:58:38,528;-23;-21;-23;14;24;20
12:58:38,538;-23;-21;-23;14;24;20
12:58:38,548;-23;-21;-23;14;24;20
12:58:38,560;-23;-21;-23;14;24;21
12:58:38,570;-23;-21;-21;14;24;21
12:58:38,581;-23;-21;-21;15;24;21
12:58:38,590;-24;-21;-21;15;24;21
12:58:38,598;-24;-21;-21;15;24;21
12:58:38,608;-24;-21;-21;15;24;21
12:58:38,622;-24;-21;-21;14;23;21
12:58:38,629;-24;-21;-20;14;23;21
12:58:38,639;-24;-21;-20;15;23;17
12:58:38,649;-24;-23;-20;15;23;17
12:58:38,659;-24;-23;-20;15;23;17
12:58:38,669;-24;-23;-20;15;23;17
12:58:38,680;-24;-21;-21;15;23;17
12:58:38,689;-24;-21;-21;15;23;16
12:58:38,699;-23;-23;-20;15;23;16
12:58:38,710;-23;-23;-20;17;23;16
12:58:38,721;-23;-21;-20;17;23;16
12:58:38,731;-23;-21;-20;17;23;16
12:58:38,742;-23;-21;-20;17;23;16
12:58:38,749;-23;-21;-20;18;23;18
12:58:38,759;-23;-21;-20;18;23;18
12:58:38,769;-23;-21;-20;18;23;24
12:58:38,780;-23;-21;-19;18;23;24
12:58:38,789;-23;-21;-19;18;23;24
12:58:38,799;-21;-20;-19;18;23;24
12:58:38,809;-21;-20;-19;19;21;24
12:58:38,820;-21;-20;-19;19;21;24
12:58:38,829;-21;-20;-19;19;21;23
12:58:38,842;-23;-21;-20;19;21;23
12:58:38,849;-23;-21;-20;19;21;23
12:58:38,861;-21;-21;-19;19;21;23
12:58:38,869;-21;-21;-19;20;21;24
12:58:38,880;-21;-21;-20;20;21;24
12:58:38,889;-21;-21;-20;20;20;24
12:58:38,900;-21;-21;-19;20;20;24
12:58:38,910;-21;-21;-19;21;20;24
12:58:38,921;-23;-23;-20;21;20;24
12:58:38,929;-23;-23;-20;21;20;24
12:58:38,940;-21;-23;-19;21;20;24
12:58:38,951;-21;-23;-19;21;20;24
12:58:38,959;-21;-23;-20;21;20;24
12:58:38,969;-21;-23;-20;21;20;24
12:58:38,979;-21;-21;-19;21;20;24
12:58:38,989;-21;-21;-19;24;20;24
12:58:38,999;-21;-21;-19;24;20;24
12:58:39,009;-21;-21;-19;24;21;24
12:58:39,019;-20;-21;-19;24;21;24
12:58:39,029;-20;-21;-19;24;20;24
12:58:39,039;-21;-20;-19;24;20;24
12:58:39,049;-21;-20;-19;24;20;24
12:58:39,059;-20;-21;-19;24;20;24
12:58:39,072;-20;-21;-19;24;20;23
12:58:39,081;-20;-21;-19;24;20;23
12:58:39,090;-20;-21;-19;24;20;24
12:58:39,099;-19;-21;-20;24;20;24
12:58:39,126;-19;-21;-20;23;21;24
12:58:39,131;-19;-21;-20;23;21;24
12:58:39,137;-19;-21;-20;24;21;24
12:58:39,142;-18;-21;-19;24;21;24
12:58:39,149;-18;-21;-19;24;21;24
12:58:39,159;-18;-21;-19;24;21;24
12:58:39,169;-18;-21;-19;24;20;23
12:58:39,180;-18;-21;-20;24;20;23
12:58:39,192;-18;-21;-20;24;20;23
12:58:39,198;-18;-20;-20;24;20;23
12:58:39,209;-18;-20;-20;24;20;23
12:58:39,218;-17;-21;-20;24;20;23
12:58:39,229;-17;-21;-20;23;20;23
12:58:39,238;-17;-20;-20;23;20;23
12:58:39,248;-17;-20;-20;23;20;23
12:58:39,258;-17;-20;-20;23;20;23
12:58:39,271;-17;-20;-20;23;20;23
12:58:39,282;-17;-20;-20;23;20;23
12:58:39,289;-17;-20;-20;23;19;23
12:58:39,298;-15;-20;-21;23;19;23
12:58:39,308;-15;-20;-21;21;19;23
12:58:39,318;-14;-20;-20;21;19;23
12:58:39,328;-14;-20;-20;21;19;23
12:58:39,338;-14;-20;-20;21;19;23
12:58:39,348;-14;-20;-20;21;19;23
12:58:39,358;-13;-19;-21;21;19;23
12:58:39,373;-13;-19;-21;20;19;23
12:58:39,378;-13;-20;-21;20;19;23
12:58:39,390;-13;-20;-21;19;20;23
12:58:39,398;-13;-19;-21;19;20;23
12:58:39,410;-13;-19;-21;20;20;23
12:58:39,418;-13;-19;-21;20;20;23
12:58:39,428;-13;-19;-21;18;19;21
12:58:39,439;-14;-19;-21;18;19;21
12:58:39,449;-14;-19;-21;18;20;21
12:58:39,462;-14;-19;-21;18;20;21
12:58:39,468;-14;-19;-21;18;20;21
12:58:39,480;-14;-19;-21;18;20;21
12:58:39,489;-14;-19;-21;17;19;21
12:58:39,502;-14;-19;-21;17;19;21
12:58:39,512;-14;-19;-21;17;19;21
12:58:39,519;-14;-19;-23;17;19;21
12:58:39,529;-14;-19;-23;17;20;21
12:58:39,539;-15;-19;-23;17;20;21
12:58:39,551;-15;-19;-23;18;20;21
12:58:39,559;-15;-19;-23;18;20;21
12:58:39,569;-15;-19;-23;17;20;21
12:58:39,582;-15;-18;-23;17;20;21
12:58:39,603;-15;-18;-23;17;19;21
12:58:39,608;-14;-19;-24;17;19;21
12:58:39,614;-14;-19;-24;15;20;21
12:58:39,620;-14;-18;-24;15;20;21
12:58:39,630;-14;-18;-24;15;20;20
12:58:39,639;-14;-18;-24;15;20;20
12:58:39,649;-14;-18;-24;14;21;21
12:58:39,659;-13;-19;-24;14;21;21
12:58:39,673;-13;-19;-24;14;21;21
12:58:39,681;-14;-19;-24;14;21;21
12:58:39,689;-14;-19;-24;15;21;20
12:58:39,699;-15;-19;-24;15;21;20
12:58:39,709;-15;-19;-24;15;21;20
12:58:39,725;-15;-19;-24;15;21;20
12:58:39,731;-15;-19;-24;14;21;20
12:58:39,739;-15;-18;-24;14;21;20
12:58:39,750;-15;-18;-24;14;21;20
12:58:39,759;-15;-19;-24;14;21;20
12:58:39,771;-15;-19;-24;14;21;20
12:58:39,785;-15;-19;-24;14;21;20
12:58:39,790;-15;-19;-24;13;23;20
12:58:39,799;-15;-19;-23;13;23;20
12:58:39,811;-15;-19;-23;13;23;20
12:58:39,819;-15;-19;-23;13;23;20
12:58:39,833;-15;-19;-23;14;23;20
12:58:39,839;-17;-19;-23;14;23;20
12:58:39,850;-17;-19;-23;13;23;20
12:58:39,862;-18;-19;-23;13;23;20
12:58:39,869;-18;-19;-23;13;21;19
12:58:39,880;-18;-19;-23;13;21;19
12:58:39,889;-18;-19;-23;14;23;18
12:58:39,900;-17;-19;-23;14;23;18
12:58:39,909;-17;-19;-23;14;23;18
12:58:39,919;-18;-19;-23;14;23;18
12:58:39,929;-18;-19;-23;12;21;18
12:58:39,940;-18;-19;-18;12;21;18
12:58:39,949;-18;-19;-18;12;21;18
12:58:39,960;-18;-19;-17;12;21;18
12:58:39,968;-18;-19;-17;11;24;19
12:58:39,978;-18;-19;-17;11;24;19
12:58:39,990;-18;-19;-17;11;23;19
12:58:39,998;-19;-19;-17;11;23;19
12:58:40,008;-19;-19;-17;11;23;19
12:58:40,019;-18;-19;-16;11;23;19
12:58:40,031;-18;-19;-16;13;21;18
12:58:40,041;-19;-19;-20;13;21;18
12:58:40,048;-19;-19;-20;13;24;19
12:58:40,058;-19;-20;-20;13;24;19
12:58:40,068;-19;-20;-20;13;23;18
12:58:40,080;-19;-19;-19;13;23;18
12:58:40,090;-19;-19;-19;14;24;18
12:58:40,101;-20;-19;-19;14;24;18
12:58:40,109;-20;-19;-19;14;23;18
12:58:40,118;-20;-19;-19;14;23;18
12:58:40,147;-20;-19;-19;14;21;17
12:58:40,152;-20;-20;-17;14;21;17
12:58:40,158;-20;-20;-17;15;21;18
12:58:40,163;-21;-19;-17;15;21;18
12:58:40,169;-21;-19;-17;15;21;18
12:58:40,179;-21;-20;-17;15;21;18
12:58:40,192;-21;-20;-17;14;21;18
12:58:40,200;-21;-20;-15;14;21;18
12:58:40,208;-21;-20;-15;14;21;18
12:58:40,218;-23;-20;-15;14;21;18
12:58:40,229;-23;-20;-15;15;21;18
12:58:40,244;-21;-21;-15;15;21;18
12:58:40,249;-21;-21;-15;15;21;18
12:58:40,258;-23;-20;-14;15;21;18
12:58:40,268;-23;-20;-14;15;21;17
12:58:40,279;-24;-20;-14;15;21;17
12:58:40,288;-24;-20;-14;15;21;17
12:58:40,298;-24;-20;-14;15;21;17
12:58:40,308;-24;-20;-14;15;21;17
12:58:40,318;-24;-20;-13;15;21;17
12:58:40,328;-24;-20;-13;17;20;17
12:58:40,338;-23;-21;-14;17;20;17
12:58:40,348;-23;-21;-14;18;21;17
12:58:40,360;-24;-21;-13;18;21;17
12:58:40,368;-24;-21;-13;18;21;17
12:58:40,378;-24;-21;-13;18;21;17
12:58:40,388;-24;-21;-13;18;20;17
12:58:40,398;-24;-21;-13;18;20;17
12:58:40,408;-24;-21;-13;18;20;17
12:58:40,419;-24;-21;-13;18;20;17
12:58:40,428;-24;-21;-13;19;20;17
12:58:40,439;-25;-21;-13;19;20;17
12:58:40,451;-25;-21;-13;20;20;17
12:58:40,458;-24;-21;-13;20;20;17
12:58:40,468;-24;-21;-13;21;20;17
12:58:40,482;-24;-23;-13;21;20;17
12:58:40,489;-24;-23;-13;23;19;17
12:58:40,499;-24;-23;-13;23;19;17
12:58:40,508;-24;-23;-13;23;19;15
12:58:40,518;-23;-23;-12;23;19;15
12:58:40,529;-23;-23;-12;23;19;15
12:58:40,538;-23;-23;-13;23;19;15
12:58:40,550;-23;-23;-13;24;19;15
12:58:40,564;-23;-23;-13;24;19;15
12:58:40,569;-23;-23;-13;25;18;15
12:58:40,578;-23;-21;-13;25;18;15
12:58:40,588;-23;-21;-13;25;18;15
12:58:40,602;-23;-21;-12;25;18;15
12:58:40,610;-23;-21;-12;26;18;15
12:58:40,618;-23;-21;-14;26;18;15
12:58:40,633;-23;-21;-14;27;19;17
12:58:40,638;-23;-21;-14;27;19;17
12:58:40,649;-23;-21;-14;27;18;18
12:58:40,660;-17;-24;-14;27;18;18
12:58:40,668;-17;-24;-14;30;18;18
12:58:40,679;-17;-23;-14;30;18;18
12:58:40,688;-17;-23;-14;30;18;18
12:58:40,704;-17;-23;-14;30;18;18
12:58:40,709;-17;-23;-14;31;17;18
12:58:40,723;-17;-23;-14;31;17;18
12:58:40,729;-17;-23;-14;31;17;17
12:58:40,739;-17;-23;-14;31;17;17
12:58:40,749;-17;-23;-14;31;17;17
12:58:40,759;-21;-21;-14;31;17;17
12:58:40,769;-21;-21;-14;30;17;17
12:58:40,779;-21;-21;-14;30;17;17
12:58:40,790;-21;-21;-14;31;13;17
12:58:40,799;-21;-23;-15;31;13;17
12:58:40,809;-21;-23;-15;30;13;18
12:58:40,821;-21;-23;-15;30;13;18
12:58:40,829;-21;-23;-15;30;13;18
12:58:40,839;-21;-23;-15;30;13;18
12:58:40,849;-21;-23;-15;30;12;18
12:58:40,859;-21;-23;-17;30;12;18
12:58:40,871;-21;-23;-17;29;15;19
12:58:40,880;-23;-18;-15;29;15;19
12:58:40,889;-23;-18;-15;29;15;19
12:58:40,899;-21;-17;-17;29;15;19
12:58:40,909;-21;-17;-17;29;15;19
12:58:40,922;-21;-17;-17;29;15;18
12:58:40,929;-21;-17;-17;29;15;18
12:58:40,939;-21;-17;-17;27;15;19
12:58:40,949;-21;-17;-17;27;15;19
12:58:40,959;-21;-17;-17;26;15;19
12:58:40,971;-21;-17;-17;26;15;19
12:58:40,979;-21;-17;-17;26;15;19
12:58:40,989;-21;-20;-17;26;15;19
12:58:40,999;-21;-20;-17;25;15;18
12:58:41,012;-21;-20;-17;25;15;18
12:58:41,020;-21;-20;-17;24;14;19
12:58:41,029;-20;-21;-18;24;14;19
12:58:41,040;-20;-21;-18;24;14;19
12:58:41,049;-20;-20;-18;24;14;19
12:58:41,062;-20;-20;-18;21;15;19
12:58:41,069;-20;-20;-18;21;15;19
12:58:41,080;-20;-20;-18;21;15;19
12:58:41,089;-20;-21;-19;21;15;19
12:58:41,099;-20;-21;-19;20;15;20
12:58:41,109;-19;-20;-19;20;15;20
12:58:41,119;-19;-20;-19;20;17;20
12:58:41,133;-20;-20;-19;20;17;20
12:58:41,139;-20;-20;-19;19;15;20
12:58:41,169;-19;-19;-19;19;15;20
12:58:41,174;-19;-19;-19;19;17;20
12:58:41,179;-19;-20;-20;19;17;20
12:58:41,184;-19;-20;-20;18;15;21
12:58:41,190;-19;-20;-21;18;15;21
12:58:41,199;-19;-20;-21;18;15;21
12:58:41,208;-19;-20;-21;18;15;21
12:58:41,218;-19;-20;-21;17;17;20
12:58:41,229;-19;-19;-21;17;17;20
12:58:41,239;-19;-19;-21;17;17;20
12:58:41,249;-18;-19;-23;17;17;20
12:58:41,260;-18;-19;-23;15;17;21
12:58:41,270;-18;-19;-23;15;17;21
12:58:41,282;-18;-19;-23;15;17;21
12:58:41,289;-18;-19;-23;15;17;21
12:58:41,298;-18;-19;-23;14;18;21
12:58:41,309;-18;-18;-24;14;18;21
12:58:41,319;-18;-18;-24;14;18;21
12:58:41,331;-18;-18;-26;14;18;21
12:58:41,339;-18;-18;-26;14;18;24
12:58:41,351;-18;-19;-26;14;18;24
12:58:41,358;-18;-19;-26;14;17;24
12:58:41,370;-18;-19;-26;14;17;24
12:58:41,378;-18;-19;-26;14;19;24
12:58:41,388;-18;-19;-26;14;19;24
12:58:41,398;-18;-19;-26;13;19;24
12:58:41,408;-18;-19;-26;13;19;24
12:58:41,421;-18;-19;-26;14;18;23
12:58:41,430;-19;-19;-27;14;18;23
12:58:41,441;-19;-19;-27;14;18;23
12:58:41,449;-18;-18;-26;14;18;23
12:58:41,459;-18;-18;-26;13;18;24
12:58:41,468;-18;-18;-26;13;18;24
12:58:41,480;-18;-18;-26;13;18;24
12:58:41,489;-18;-18;-27;13;18;24
12:58:41,498;-18;-18;-27;13;19;19
12:58:41,511;-19;-18;-27;13;19;19
12:58:41,518;-19;-18;-27;13;20;19
12:58:41,529;-18;-18;-27;13;20;19
12:58:41,540;-18;-18;-27;13;20;19
12:58:41,548;-19;-19;-29;13;20;19
12:58:41,558;-19;-19;-29;13;19;19
12:58:41,569;-19;-18;-29;13;19;19
12:58:41,583;-19;-18;-29;13;20;24
12:58:41,589;-20;-19;-29;13;20;24
12:58:41,600;-20;-19;-29;13;20;24
12:58:41,608;-19;-19;-29;13;20;24
12:58:41,618;-19;-19;-29;14;21;24
12:58:41,628;-19;-19;-29;14;21;24
12:58:41,638;-19;-19;-29;14;20;24
12:58:41,648;-20;-19;-29;14;20;24
12:58:41,658;-20;-19;-29;14;21;24
12:58:41,668;-20;-19;-29;14;21;24
12:58:41,680;-20;-19;-29;14;21;24
12:58:41,688;-20;-18;-29;14;21;24
12:58:41,698;-20;-18;-29;14;23;24
12:58:41,709;-21;-18;-27;14;23;24
12:58:41,718;-21;-18;-27;14;24;25
12:58:41,728;-21;-19;-27;14;24;25
12:58:41,738;-21;-19;-27;14;24;25
12:58:41,750;-23;-19;-27;14;24;25
12:58:41,760;-23;-19;-27;15;24;24
12:58:41,771;-23;-19;-27;15;24;24
12:58:41,779;-23;-19;-27;15;24;24
12:58:41,788;-23;-19;-27;15;24;24
12:58:41,801;-23;-19;-27;17;24;24
12:58:41,809;-23;-20;-27;17;24;24
12:58:41,818;-23;-20;-27;17;24;23
12:58:41,831;-24;-20;-26;17;24;23
12:58:41,838;-24;-20;-26;17;24;23
12:58:41,851;-24;-20;-26;17;24;23
12:58:41,858;-24;-20;-26;17;25;23
12:58:41,868;-24;-20;-26;17;25;23
12:58:41,879;-24;-20;-26;17;25;23
12:58:41,888;-24;-20;-25;17;25;23
12:58:41,899;-24;-20;-25;17;25;23
12:58:41,913;-24;-20;-25;17;25;23
12:58:41,918;-24;-20;-25;17;25;23
12:58:41,933;-24;-20;-25;17;25;23
12:58:41,938;-24;-20;-25;18;26;23
12:58:41,948;-23;-20;-24;18;26;23
12:58:41,958;-23;-20;-24;18;26;23
12:58:41,968;-24;-19;-24;18;26;23
12:58:41,978;-24;-19;-24;18;26;21
12:58:41,989;-24;-20;-24;18;26;21
12:58:42,001;-24;-20;-24;19;27;21
12:58:42,009;-24;-21;-24;19;27;21
12:58:42,019;-24;-21;-24;20;26;21
12:58:42,029;-24;-20;-23;20;26;21
12:58:42,040;-24;-20;-23;21;26;20
12:58:42,049;-24;-20;-23;21;26;20
12:58:42,061;-24;-20;-23;21;26;20
12:58:42,070;-23;-21;-21;21;26;20
12:58:42,080;-23;-21;-21;23;26;21
12:58:42,089;-23;-21;-21;23;26;21
12:58:42,100;-23;-21;-21;23;26;21
12:58:42,109;-23;-21;-21;23;26;21
12:58:42,119;-23;-21;-21;23;26;20
12:58:42,129;-23;-23;-21;23;26;20
12:58:42,140;-23;-23;-21;23;26;20
12:58:42,149;-23;-23;-21;23;26;20
12:58:42,160;-23;-23;-21;23;27;21
12:58:42,194;-23;-23;-21;23;27;21
12:58:42,199;-23;-23;-21;23;26;20
12:58:42,203;-23;-21;-20;23;26;20
12:58:42,208;-23;-21;-20;24;26;20
12:58:42,213;-23;-21;-20;24;26;20
12:58:42,220;-23;-21;-20;24;26;19
12:58:42,231;-23;-21;-19;24;26;19
12:58:42,241;-23;-21;-19;25;26;20
12:58:42,249;-23;-21;-19;25;26;20
12:58:42,260;-23;-21;-19;25;25;19
12:58:42,269;-23;-21;-19;25;25;19
12:58:42,283;-23;-21;-19;26;25;20
12:58:42,290;-23;-23;-19;26;25;20
12:58:42,300;-23;-23;-19;25;25;20
12:58:42,309;-21;-21;-18;25;25;20
12:58:42,320;-21;-21;-18;26;25;20
12:58:42,329;-21;-21;-18;26;25;20
12:58:42,343;-21;-21;-18;27;24;20
12:58:42,349;-21;-21;-17;27;24;20
12:58:42,359;-21;-21;-17;26;24;20
12:58:42,372;-20;-21;-18;26;24;20
12:58:42,379;-20;-21;-18;26;24;20
12:58:42,389;-20;-21;-18;26;24;20
12:58:42,399;-20;-21;-18;27;24;19
12:58:42,409;-21;-23;-18;27;24;19
12:58:42,419;-21;-23;-18;27;23;20
12:58:42,429;-21;-23;-18;27;23;20
12:58:42,445;-21;-23;-18;25;23;20
12:58:42,450;-20;-23;-18;25;23;20
12:58:42,459;-20;-23;-18;25;23;20
12:58:42,469;-21;-21;-18;25;23;20
12:58:42,485;-21;-21;-18;26;23;19
12:58:42,491;-21;-21;-18;26;23;19
12:58:42,499;-21;-21;-18;25;21;20
12:58:42,511;-20;-21;-17;25;21;20
12:58:42,520;-20;-21;-17;25;21;20
12:58:42,528;-20;-21;-18;25;21;20
12:58:42,538;-20;-21;-18;25;23;19
12:58:42,548;-19;-21;-18;25;23;19
12:58:42,558;-19;-21;-18;24;21;20
12:58:42,568;-19;-21;-17;24;21;20
12:58:42,578;-19;-21;-17;23;20;20
12:58:42,588;-19;-21;-17;23;20;20
12:58:42,600;-19;-21;-17;23;20;20
12:58:42,608;-18;-20;-17;23;20;20
12:58:42,618;-18;-20;-17;21;19;21
12:58:42,628;-18;-20;-18;21;19;21
12:58:42,640;-18;-20;-18;21;19;21
12:58:42,652;-18;-20;-18;21;19;21
12:58:42,658;-18;-20;-18;21;19;20
12:58:42,668;-17;-20;-19;21;19;20
12:58:42,688;-17;-20;-19;21;18;21
12:58:42,694;-15;-20;-18;21;18;21
12:58:42,698;-15;-20;-18;20;19;20
12:58:42,714;-15;-20;-19;20;19;20
12:58:42,719;-15;-20;-19;20;19;20
12:58:42,728;-15;-20;-18;20;19;20
12:58:42,743;-15;-20;-18;20;18;20
12:58:42,752;-15;-19;-19;20;18;20
12:58:42,760;-15;-19;-19;19;18;21
12:58:42,768;-15;-19;-19;19;18;21
12:58:42,778;-15;-19;-19;14;18;20
12:58:42,788;-17;-19;-20;14;18;20
12:58:42,801;-17;-19;-20;13;17;21
12:58:42,808;-17;-19;-20;13;17;21
12:58:42,821;-17;-19;-20;13;17;20
12:58:42,828;-15;-19;-19;13;17;20
12:58:42,839;-15;-19;-19;13;17;20
12:58:42,848;-15;-19;-20;13;17;20
12:58:42,858;-15;-19;-20;13;17;20
12:58:42,870;-15;-19;-16;13;17;20
12:58:42,880;-15;-19;-16;18;17;21
12:58:42,890;-15;-18;-17;18;17;21
12:58:42,904;-15;-18;-17;17;18;20
12:58:42,909;-15;-18;-17;17;18;20
12:58:42,918;-15;-18;-17;17;18;20
12:58:42,928;-15;-18;-18;17;18;20
12:58:42,940;-15;-18;-18;17;17;21
12:58:42,948;-17;-18;-17;17;17;21
12:58:42,958;-17;-18;-17;17;17;20
12:58:42,969;-15;-18;-21;17;17;20
12:58:42,978;-15;-18;-21;17;17;20
12:58:42,988;-15;-18;-21;17;17;20
12:58:42,998;-15;-18;-21;17;17;21
12:58:43,008;-15;-18;-21;17;17;21
12:58:43,020;-15;-18;-21;17;17;21
12:58:43,028;-15;-18;-23;17;17;21
12:58:43,044;-15;-18;-23;17;17;20
12:58:43,049;-17;-18;-23;17;17;20
12:58:43,060;-17;-18;-23;17;17;20
12:58:43,074;-17;-18;-23;17;17;20
12:58:43,079;-17;-18;-23;15;17;20
12:58:43,088;-17;-18;-21;15;17;20
12:58:43,098;-17;-18;-21;17;17;20
12:58:43,108;-17;-19;-21;17;17;20
12:58:43,121;-17;-19;-21;17;18;20
12:58:43,128;-15;-18;-21;17;18;20
12:58:43,138;-15;-18;-21;17;18;20
12:58:43,153;-15;-18;-21;17;18;20
12:58:43,165;-15;-18;-21;17;17;20
12:58:43,170;-15;-18;-21;17;17;20
12:58:43,181;-15;-18;-21;17;17;20
12:58:43,188;-17;-17;-24;17;17;20
12:58:43,214;-17;-17;-24;15;17;19
12:58:43,219;-17;-17;-24;15;17;19
12:58:43,225;-17;-17;-24;15;17;19
12:58:43,231;-17;-17;-24;17;18;18
12:58:43,239;-18;-18;-23;17;18;18
12:58:43,250;-18;-18;-23;15;18;18
12:58:43,259;-18;-18;-23;15;18;18
12:58:43,269;-18;-18;-23;17;18;19
12:58:43,285;-17;-18;-23;17;18;19
12:58:43,290;-17;-18;-23;17;19;18
12:58:43,299;-17;-18;-23;17;19;18
12:58:43,309;-17;-18;-23;19;19;18
12:58:43,322;-17;-18;-21;19;19;18
12:58:43,329;-17;-18;-21;19;19;18
12:58:43,339;-17;-18;-21;19;19;18
12:58:43,349;-17;-18;-21;19;19;17
12:58:43,358;-18;-18;-20;19;19;17
12:58:43,369;-18;-18;-20;19;19;17
12:58:43,379;-18;-18;-20;19;19;17
12:58:43,390;-18;-18;-20;19;20;18
12:58:43,398;-18;-19;-20;19;20;18
12:58:43,409;-18;-19;-20;20;19;18
12:58:43,422;-19;-18;-19;20;19;18
12:58:43,434;-19;-18;-19;20;20;18
12:58:43,439;-19;-18;-19;20;20;18
12:58:43,450;-19;-18;-19;20;20;18
12:58:43,459;-18;-19;-19;20;20;18
12:58:43,469;-18;-19;-19;20;21;18
12:58:43,480;-19;-18;-18;20;21;18
12:58:43,488;-19;-18;-18;21;20;17
12:58:43,498;-19;-18;-18;21;20;17
12:58:43,509;-19;-18;-18;21;21;17
12:58:43,520;-18;-19;-19;21;21;17
12:58:43,531;-18;-19;-19;23;21;17
12:58:43,540;-19;-19;-17;23;21;17
12:58:43,548;-19;-19;-17;24;20;17
12:58:43,558;-19;-19;-17;24;20;17
12:58:43,571;-19;-19;-17;24;20;17
12:58:43,578;-20;-19;-18;24;20;17
12:58:43,588;-20;-19;-18;24;21;17
12:58:43,599;-17;-19;-17;24;21;17
12:58:43,608;-17;-19;-17;24;21;17
12:58:43,623;-16;-20;-17;24;21;17
12:58:43,629;-16;-20;-17;24;20;17
12:58:43,638;-17;-20;-18;24;20;17
12:58:43,649;-17;-20;-18;24;20;17
12:58:43,658;-17;-21;-15;24;20;17
12:58:43,668;-17;-21;-15;25;17;17
12:58:43,681;-17;-21;-15;25;17;17
12:58:43,689;-17;-21;-15;25;16;17
12:58:43,700;-17;-20;-15;25;16;17
12:58:43,712;-17;-20;-15;25;16;17
12:58:43,718;-21;-21;-15;25;16;17
12:58:43,729;-21;-21;-15;26;17;17
12:58:43,740;-21;-21;-15;26;17;17
12:58:43,750;-21;-21;-15;25;16;17
12:58:43,758;-21;-21;-15;25;16;17
12:58:43,768;-21;-21;-15;24;20;17
12:58:43,778;-21;-20;-15;24;20;17
12:58:43,793;-21;-20;-15;24;20;17
12:58:43,798;-21;-17;-15;24;20;17
12:58:43,810;-21;-17;-15;25;20;17
12:58:43,818;-21;-17;-15;25;20;17
12:58:43,828;-21;-17;-15;25;20;17
12:58:43,844;-23;-16;-15;25;20;17
12:58:43,849;-23;-16;-15;23;20;18
12:58:43,858;-23;-18;-15;23;20;18
12:58:43,868;-23;-18;-15;23;20;18
12:58:43,879;-23;-18;-15;23;20;18
12:58:43,890;-23;-18;-15;24;19;18
12:58:43,899;-24;-21;-15;24;19;18
12:58:43,911;-24;-21;-15;23;20;18
12:58:43,918;-24;-21;-15;23;20;18
12:58:43,930;-24;-21;-15;23;20;18
12:58:43,942;-24;-21;-15;23;20;18
12:58:43,948;-24;-21;-15;24;20;18
12:58:43,958;-24;-21;-15;24;20;18
12:58:43,968;-24;-21;-15;24;20;18
12:58:43,981;-24;-21;-15;24;20;18
12:58:43,988;-24;-21;-15;23;19;18
12:58:43,998;-23;-24;-15;23;19;18
12:58:44,008;-23;-24;-15;23;19;18
12:58:44,018;-23;-24;-15;23;19;18
12:58:44,028;-23;-24;-15;21;20;19
12:58:44,040;-23;-23;-15;21;20;19
12:58:44,048;-23;-23;-15;21;19;19
12:58:44,058;-21;-24;-15;21;19;19
12:58:44,068;-21;-24;-15;21;19;20
12:58:44,083;-21;-24;-15;21;19;20
12:58:44,088;-21;-24;-15;20;20;20
12:58:44,098;-23;-23;-15;20;20;20
12:58:44,108;-23;-23;-15;20;19;20
12:58:44,118;-23;-23;-15;20;19;20
12:58:44,128;-23;-23;-15;20;18;20
12:58:44,138;-23;-23;-17;20;18;20
12:58:44,148;-23;-23;-17;20;18;20
12:58:44,158;-24;-24;-18;20;18;20
12:58:44,168;-24;-24;-18;19;19;20
12:58:44,178;-24;-24;-18;19;19;20
12:58:44,190;-24;-24;-18;19;19;20
12:58:44,198;-23;-24;-18;19;19;20
12:58:44,208;-23;-24;-18;19;19;21
12:58:44,239;-23;-23;-19;19;19;21
12:58:44,244;-23;-23;-19;19;19;21
12:58:44,248;-24;-23;-18;19;19;21
12:58:44,254;-24;-23;-18;19;19;21
12:58:44,260;-24;-23;-18;19;19;21
12:58:44,269;-24;-23;-18;18;18;23
12:58:44,280;-24;-21;-19;18;18;23
12:58:44,289;-24;-21;-19;18;18;23
12:58:44,299;-24;-21;-19;18;18;23
12:58:44,309;-24;-21;-19;18;17;23
12:58:44,319;-25;-23;-18;18;17;23
12:58:44,329;-25;-23;-18;17;17;24
12:58:44,339;-25;-23;-18;17;17;24
12:58:44,350;-25;-23;-18;17;17;24
12:58:44,359;-24;-23;-20;17;17;24
12:58:44,371;-24;-23;-20;17;17;18
12:58:44,382;-24;-23;-20;17;17;18
12:58:44,392;-24;-23;-20;17;17;18
12:58:44,399;-24;-23;-19;17;17;18
12:58:44,410;-24;-23;-19;17;17;18
12:58:44,420;-24;-21;-20;17;17;18
12:58:44,430;-24;-21;-20;17;18;19
12:58:44,440;-23;-21;-21;17;18;19
12:58:44,449;-23;-21;-21;17;18;24
12:58:44,459;-23;-21;-20;17;18;24
12:58:44,469;-23;-21;-20;17;18;24
12:58:44,484;-23;-20;-21;17;18;24
12:58:44,493;-23;-20;-21;17;18;24
12:58:44,499;-23;-20;-21;17;18;24
12:58:44,511;-23;-20;-21;15;18;25
12:58:44,519;-23;-21;-21;15;18;25
12:58:44,532;-23;-21;-21;15;17;24
12:58:44,539;-21;-20;-23;15;17;24
12:58:44,549;-21;-20;-23;15;18;25
12:58:44,561;-20;-19;-23;15;18;25
12:58:44,569;-20;-19;-23;15;18;25
12:58:44,580;-20;-19;-23;15;18;25
12:58:44,589;-20;-19;-23;17;18;25
12:58:44,605;-20;-20;-23;17;18;25
12:58:44,609;-20;-20;-23;18;19;25
12:58:44,618;-19;-19;-24;18;19;25
12:58:44,631;-19;-19;-24;18;19;25
12:58:44,639;-18;-20;-24;18;19;25
12:58:44,651;-18;-20;-24;18;18;25
12:58:44,658;-18;-20;-24;18;18;25
12:58:44,669;-18;-20;-24;18;18;25
12:58:44,680;-18;-20;-24;18;18;25
12:58:44,690;-18;-20;-24;18;19;25
12:58:44,703;-17;-20;-25;18;19;25
12:58:44,711;-17;-20;-25;18;19;25
12:58:44,719;-17;-20;-25;18;19;25
12:58:44,729;-17;-20;-25;17;19;25
12:58:44,739;-17;-20;-25;17;19;25
12:58:44,748;-17;-20;-25;18;20;25
12:58:44,758;-17;-19;-25;18;20;25
12:58:44,773;-17;-19;-25;18;20;25
12:58:44,779;-17;-20;-26;18;20;25
12:58:44,790;-17;-20;-26;18;21;23
12:58:44,800;-17;-19;-26;18;21;23
12:58:44,808;-17;-19;-26;18;20;24
12:58:44,820;-17;-19;-26;18;20;24
12:58:44,829;-17;-19;-26;18;20;24
12:58:44,840;-17;-19;-26;18;20;24
12:58:44,848;-17;-19;-26;18;21;23
12:58:44,858;-17;-19;-26;18;21;23
12:58:44,868;-17;-19;-26;19;21;24
12:58:44,879;-17;-20;-26;19;21;24
12:58:44,891;-17;-20;-26;19;21;24
12:58:44,902;-17;-20;-26;19;21;24
12:58:44,908;-17;-20;-26;20;24;23
12:58:44,922;-17;-19;-26;20;24;23
12:58:44,928;-17;-19;-26;20;24;23
12:58:44,941;-17;-19;-26;20;24;23
12:58:44,948;-17;-19;-26;20;24;21
12:58:44,958;-17;-19;-27;20;24;21
12:58:44,968;-17;-19;-27;19;24;21
12:58:44,981;-17;-19;-27;19;24;21
12:58:44,988;-17;-19;-27;19;24;21
12:58:44,998;-17;-19;-27;19;24;21
12:58:45,008;-17;-19;-27;20;24;20
12:58:45,022;-17;-19;-27;20;24;20
12:58:45,028;-17;-19;-27;20;24;20
12:58:45,038;-18;-19;-27;20;24;20
12:58:45,048;-18;-19;-27;20;24;21
12:58:45,058;-18;-18;-26;20;24;21
12:58:45,073;-18;-18;-26;20;24;21
12:58:45,079;-18;-19;-27;20;24;21
12:58:45,088;-18;-19;-27;21;24;20
12:58:45,098;-18;-19;-27;21;24;20
12:58:45,109;-18;-19;-27;20;23;20
12:58:45,120;-18;-19;-26;20;23;20
12:58:45,128;-18;-19;-26;20;23;20
12:58:45,138;-17;-19;-26;20;23;20
12:58:45,150;-17;-19;-26;21;21;19
12:58:45,159;-18;-19;-25;21;21;19
12:58:45,169;-18;-19;-25;21;19;19
12:58:45,179;-18;-19;-25;21;19;19
12:58:45,189;-18;-19;-25;21;19;19
12:58:45,199;-18;-20;-25;21;19;19
12:58:45,212;-18;-20;-25;23;12;19
12:58:45,219;-19;-20;-24;23;12;19
12:58:45,229;-19;-20;-24;21;8;19
12:58:45,258;-19;-19;-24;21;8;19
12:58:45,263;-19;-19;-24;21;5;19
12:58:45,267;-20;-20;-24;21;5;19
12:58:45,272;-20;-20;-24;21;3;19
12:58:45,281;-20;-20;-24;21;3;19
12:58:45,289;-20;-20;-24;21;3;19
12:58:45,299;-20;-19;-23;21;3;19
12:58:45,312;-20;-19;-23;21;2;19
12:58:45,319;-21;-19;-23;21;2;19
12:58:45,329;-21;-19;-23;21;0;19
12:58:45,340;-21;-19;-23;21;0;19
12:58:45,348;-21;-19;-23;21;0;19
12:58:45,358;-21;-19;-23;21;0;19
12:58:45,369;-21;-19;-23;20;0;19
12:58:45,380;-23;-20;-21;20;0;19
12:58:45,389;-23;-20;-21;20;0;18
12:58:45,399;-23;-20;-21;20;0;18
12:58:45,409;-23;-20;-21;20;0;18
12:58:45,418;-23;-20;-20;20;0;18
12:58:45,431;-23;-20;-20;20;0;18
12:58:45,439;-23;-20;-19;20;0;18
12:58:45,449;-23;-20;-19;20;0;18
12:58:45,458;-23;-20;-19;20;0;18
12:58:45,469;-23;-21;-19;20;0;18
12:58:45,481;-23;-21;-19;19;0;18
12:58:45,488;-23;-21;-19;19;0;18
12:58:45,498;-23;-21;-19;19;0;18
12:58:45,508;-23;-20;-19;19;0;18
12:58:45,518;-23;-20;-19;19;0;19
12:58:45,530;-23;-21;-18;19;0;19
12:58:45,543;-23;-21;-18;19;1;18
12:58:45,551;-23;-21;-18;19;1;18
12:58:45,559;-23;-21;-18;18;1;19
12:58:45,571;-24;-20;-17;18;1;19
12:58:45,579;-24;-20;-17;19;2;19
12:58:45,588;-24;-20;-17;19;2;19
12:58:45,600;-24;-20;-17;19;2;19
12:58:45,610;-25;-20;-17;19;2;19
12:58:45,619;-25;-20;-17;18;2;18
12:58:45,632;-25;-20;-17;18;2;18
12:58:45,638;-25;-20;-17;18;2;19
12:58:45,649;-25;-20;-17;18;2;19
12:58:45,658;-25;-20;-17;18;2;18
12:58:45,669;-24;-21;-15;18;2;18
12:58:45,680;-24;-21;-15;18;2;18
12:58:45,688;-24;-21;-15;18;2;18
12:58:45,698;-24;-21;-15;17;2;18
12:58:45,709;-23;-21;-11;17;2;18
12:58:45,722;-23;-21;-11;17;2;19
12:58:45,728;-24;-21;-11;17;2;19
12:58:45,738;-24;-21;-11;17;2;18
12:58:45,750;-24;-21;-11;17;2;18
12:58:45,758;-24;-21;-11;13;2;19
12:58:45,768;-24;-20;-12;13;2;19
12:58:45,778;-24;-20;-12;13;2;19
12:58:45,788;-24;-20;-11;13;2;19
12:58:45,798;-24;-20;-11;13;2;18
12:58:45,808;-24;-20;-14;13;2;18
12:58:45,818;-24;-20;-14;13;2;18
12:58:45,828;-24;-20;-14;13;2;18
12:58:45,838;-24;-20;-14;13;3;18
12:58:45,848;-23;-21;-13;13;3;18
12:58:45,859;-23;-21;-13;13;2;19
12:58:45,868;-23;-21;-13;13;2;19
12:58:45,881;-23;-21;-13;17;3;19
12:58:45,889;-23;-21;-14;17;3;19
12:58:45,900;-23;-21;-14;17;3;19
12:58:45,909;-23;-21;-14;17;3;19
12:58:45,919;-23;-21;-14;17;3;19
12:58:45,929;-23;-21;-14;17;3;19
12:58:45,939;-23;-21;-14;18;3;20
12:58:45,949;-23;-20;-14;18;3;20
12:58:45,959;-23;-20;-14;18;4;19
12:58:45,969;-23;-20;-14;18;4;19
12:58:45,981;-23;-20;-14;18;4;19
12:58:45,989;-21;-21;-14;18;4;19
12:58:46,001;-21;-21;-14;19;3;19
12:58:46,009;-21;-20;-13;19;3;19
12:58:46,019;-21;-20;-13;19;5;20
12:58:46,030;-21;-20;-13;19;5;20
12:58:46,039;-21;-20;-13;19;4;19
12:58:46,050;-20;-20;-14;19;4;19
12:58:46,061;-20;-20;-14;19;4;20
12:58:46,069;-20;-20;-15;19;4;20
12:58:46,081;-20;-20;-15;20;5;20
12:58:46,089;-20;-20;-15;20;5;20
12:58:46,099;-20;-20;-15;20;5;20
12:58:46,109;-18;-20;-15;20;5;20
12:58:46,119;-18;-20;-15;20;6;20
12:58:46,132;-18;-20;-15;20;6;20
12:58:46,139;-18;-20;-15;21;6;19
12:58:46,149;-17;-19;-17;21;6;19
12:58:46,159;-17;-19;-17;21;6;19
12:58:46,169;-17;-19;-17;21;6;19
12:58:46,179;-17;-19;-17;23;6;19
12:58:46,190;-17;-20;-15;23;6;19
12:58:46,199;-17;-20;-15;24;6;19
12:58:46,209;-17;-19;-17;24;6;19
12:58:46,219;-17;-19;-17;24;6;19
12:58:46,229;-17;-20;-17;24;6;19
12:58:46,239;-17;-20;-17;25;6;19
12:58:46,251;-17;-19;-18;25;6;19
12:58:46,280;-17;-19;-18;25;6;19
12:58:46,285;-17;-19;-18;25;6;19
12:58:46,289;-17;-19;-18;24;6;19
12:58:46,295;-17;-19;-18;24;6;19
12:58:46,301;-17;-19;-18;25;6;19
12:58:46,308;-15;-19;-19;25;6;19
12:58:46,318;-15;-19;-19;25;6;19
12:58:46,328;-15;-19;-19;25;6;19
12:58:46,338;-15;-19;-19;26;7;19
12:58:46,349;-15;-20;-18;26;7;19
12:58:46,358;-15;-20;-18;26;7;19
12:58:46,371;-14;-20;-19;26;7;19
12:58:46,378;-14;-20;-19;27;7;19
12:58:46,390;-14;-20;-19;27;7;19
12:58:46,400;-14;-20;-19;26;7;19
12:58:46,408;-15;-19;-20;26;7;19
12:58:46,418;-15;-19;-20;27;6;19
12:58:46,428;-12;-20;-20;27;6;19
12:58:46,438;-12;-20;-20;26;6;18
12:58:46,448;-12;-19;-21;26;6;18
12:58:46,460;-12;-19;-21;26;6;18
12:58:46,470;-12;-19;-23;26;6;18
12:58:46,479;-12;-19;-23;26;6;18
12:58:46,492;-12;-19;-23;26;6;18
12:58:46,500;-12;-19;-23;27;7;18
12:58:46,509;-12;-19;-23;27;7;18
12:58:46,521;-12;-19;-23;26;8;18
12:58:46,529;-14;-19;-23;26;8;18
12:58:46,541;-14;-19;-23;26;7;18
12:58:46,548;-15;-19;-25;26;7;18
12:58:46,558;-15;-19;-25;25;9;18
12:58:46,568;-15;-19;-24;25;9;18
12:58:46,578;-15;-19;-24;24;9;18
12:58:46,590;-15;-19;-24;24;9;18
12:58:46,601;-15;-19;-24;24;9;18
12:58:46,609;-15;-18;-24;24;9;18
12:58:46,622;-15;-18;-24;24;9;18
12:58:46,628;-17;-14;-25;24;9;18
12:58:46,638;-17;-14;-25;23;12;18
12:58:46,651;-17;-14;-25;23;12;18
12:58:46,658;-17;-14;-25;23;12;19
12:58:46,670;-17;-14;-24;23;12;19
12:58:46,679;-17;-14;-24;23;12;19
12:58:46,688;-17;-14;-24;23;12;19
12:58:46,701;-17;-14;-24;23;12;18
12:58:46,708;-17;-16;-25;23;12;18
12:58:46,719;-17;-16;-25;23;12;18
12:58:46,730;-17;-19;-24;23;12;18
12:58:46,739;-17;-19;-24;23;11;18
12:58:46,753;-17;-19;-24;23;11;18
12:58:46,758;-17;-19;-24;21;11;18
12:58:46,768;-17;-19;-25;21;11;18
12:58:46,778;-17;-19;-25;20;9;18
12:58:46,789;-17;-20;-26;20;9;18
12:58:46,799;-17;-20;-26;20;9;18
12:58:46,808;-17;-20;-26;20;9;18
12:58:46,819;-17;-20;-26;19;8;19
12:58:46,828;-17;-20;-25;19;8;19
12:58:46,839;-17;-20;-25;19;8;19
12:58:46,848;-18;-20;-25;19;8;19
12:58:46,858;-18;-20;-25;19;8;19
12:58:46,872;-19;-20;-25;19;8;19
12:58:46,879;-19;-20;-25;19;8;19
12:58:46,889;-19;-19;-25;19;8;19
12:58:46,900;-19;-19;-25;18;8;19
12:58:46,910;-19;-19;-25;18;8;19
12:58:46,919;-19;-19;-25;18;8;18
12:58:46,929;-19;-20;-25;18;8;18
12:58:46,939;-19;-20;-25;19;9;18
12:58:46,953;-19;-20;-25;19;9;18
12:58:46,959;-19;-20;-25;19;9;18
12:58:46,970;-19;-21;-24;19;9;18
12:58:46,979;-19;-21;-24;18;11;19
12:58:46,989;-20;-21;-24;18;11;19
12:58:46,999;-20;-21;-24;18;12;19
12:58:47,010;-20;-21;-24;18;12;19
12:58:47,028;-20;-21;-24;18;12;19
12:58:47,033;-21;-21;-24;18;12;19
12:58:47,039;-21;-21;-24;17;13;20
12:58:47,054;-21;-21;-24;17;13;20
12:58:47,059;-21;-21;-24;15;12;20
12:58:47,073;-23;-20;-24;15;12;20
12:58:47,080;-23;-20;-24;17;12;21
12:58:47,096;-23;-21;-23;17;12;21
12:58:47,104;-23;-21;-23;15;12;20
12:58:47,111;-23;-21;-21;15;12;20
12:58:47,120;-23;-21;-21;15;12;20
12:58:47,129;-24;-20;-21;15;12;20
12:58:47,140;-24;-20;-21;17;13;21
12:58:47,149;-25;-21;-21;17;13;21
12:58:47,159;-25;-21;-21;17;13;21
12:58:47,169;-25;-21;-21;17;13;21
12:58:47,181;-25;-21;-21;15;12;21
12:58:47,189;-25;-21;-21;15;12;21
12:58:47,199;-25;-21;-21;15;13;21
12:58:47,209;-25;-20;-21;15;13;21
12:58:47,219;-25;-20;-21;17;12;21
12:58:47,229;-25;-21;-21;17;12;21
12:58:47,239;-25;-21;-21;17;12;21
12:58:47,251;-26;-21;-20;17;12;21
12:58:47,259;-26;-21;-20;15;12;17
12:58:47,268;-25;-21;-20;15;12;17
12:58:47,301;-25;-21;-20;15;12;17
12:58:47,306;-25;-21;-20;15;12;17
12:58:47,311;-25;-21;-20;15;13;18
12:58:47,317;-26;-23;-20;15;13;18
12:58:47,323;-26;-23;-20;15;12;18
12:58:47,329;-25;-21;-20;15;12;18
12:58:47,338;-25;-21;-20;15;12;18
12:58:47,350;-26;-21;-20;15;12;18
12:58:47,360;-26;-21;-20;15;13;23
12:58:47,368;-26;-21;-20;15;13;23
12:58:47,381;-26;-21;-20;15;12;24
12:58:47,388;-26;-21;-20;15;12;24
12:58:47,398;-26;-21;-20;15;12;24
12:58:47,408;-26;-21;-19;15;12;24
12:58:47,420;-26;-21;-19;17;12;24
12:58:47,428;-26;-21;-19;17;12;24
12:58:47,455;-26;-21;-19;17;12;24
12:58:47,460;-25;-23;-19;17;12;24
12:58:47,465;-25;-23;-19;18;12;24
12:58:47,470;-25;-21;-20;18;12;24
12:58:47,480;-25;-21;-20;18;12;24
12:58:47,491;-25;-21;-20;18;12;24
12:58:47,501;-25;-21;-20;18;12;24
12:58:47,508;-25;-21;-20;18;12;24
12:58:47,518;-25;-21;-20;17;12;24
12:58:47,532;-25;-21;-20;17;12;24
12:58:47,538;-25;-21;-20;18;12;24
12:58:47,548;-24;-21;-20;18;12;24
12:58:47,566;-24;-21;-20;18;11;24
12:58:47,571;-24;-23;-19;18;11;24
12:58:47,578;-24;-23;-19;19;11;25
12:58:47,590;-24;-23;-20;19;11;25
12:58:47,598;-24;-23;-20;20;11;24
12:58:47,610;-24;-21;-19;20;11;24
12:58:47,618;-24;-21;-19;20;11;24
12:58:47,629;-24;-21;-19;20;11;24
12:58:47,638;-24;-21;-19;20;11;24
12:58:47,648;-24;-21;-19;20;11;24
12:58:47,658;-24;-21;-19;21;11;24
12:58:47,668;-24;-21;-19;21;11;24
12:58:47,679;-24;-21;-19;20;11;23
12:58:47,688;-24;-20;-19;20;11;23
12:58:47,698;-24;-20;-19;21;12;24
12:58:47,708;-23;-21;-20;21;12;24
12:58:47,721;-23;-21;-20;21;12;24
12:58:47,728;-23;-21;-20;21;12;24
12:58:47,738;-23;-21;-20;21;11;24
12:58:47,748;-23;-21;-20;21;11;24
12:58:47,758;-23;-21;-20;23;12;24
12:58:47,770;-23;-21;-20;23;12;24
12:58:47,779;-23;-21;-20;24;12;24
12:58:47,788;-23;-20;-19;24;12;24
12:58:47,799;-23;-20;-19;24;12;24
12:58:47,810;-23;-20;-19;24;12;23
12:58:47,819;-21;-21;-20;24;12;23
12:58:47,828;-21;-21;-20;24;12;23
12:58:47,838;-20;-20;-21;24;12;23
12:58:47,848;-20;-20;-21;25;13;23
12:58:47,858;-19;-20;-20;25;13;23
12:58:47,872;-19;-20;-20;25;13;21
12:58:47,879;-19;-20;-20;25;13;21
12:58:47,891;-19;-20;-20;25;13;21
12:58:47,898;-19;-20;-21;25;13;21
12:58:47,909;-19;-20;-21;27;12;21
12:58:47,918;-18;-19;-21;27;12;21
12:58:47,928;-18;-19;-21;27;12;21
12:58:47,940;-18;-20;-20;27;12;21
12:58:47,948;-18;-20;-20;26;13;21
12:58:47,961;-17;-19;-23;26;13;21
12:58:47,968;-17;-19;-23;27;12;23
12:58:47,978;-17;-20;-23;27;12;23
12:58:47,989;-17;-20;-23;27;12;23
12:58:47,999;-15;-19;-21;27;12;23
12:58:48,015;-15;-19;-21;26;12;23
12:58:48,020;-15;-19;-21;26;12;23
12:58:48,029;-15;-19;-21;26;12;23
12:58:48,041;-15;-20;-21;26;12;23
12:58:48,049;-15;-20;-21;26;12;21
12:58:48,061;-15;-20;-21;26;12;21
12:58:48,069;-15;-20;-21;26;11;21
12:58:48,082;-14;-20;-21;26;11;21
12:58:48,089;-14;-20;-21;25;11;21
12:58:48,099;-14;-20;-23;25;11;21
12:58:48,111;-14;-20;-23;24;9;20
12:58:48,119;-14;-19;-23;24;9;20
12:58:48,129;-14;-19;-23;24;9;20
12:58:48,140;-14;-19;-23;24;9;20
12:58:48,149;-14;-19;-23;24;8;21
12:58:48,160;-14;-19;-24;24;8;21
12:58:48,169;-14;-19;-24;23;9;21
12:58:48,180;-14;-19;-24;23;9;21
12:58:48,190;-14;-19;-24;23;11;20
12:58:48,199;-14;-19;-24;23;11;20
12:58:48,209;-14;-19;-24;23;11;20
12:58:48,219;-14;-19;-24;23;11;20
12:58:48,231;-14;-19;-24;21;9;20
12:58:48,239;-14;-19;-24;21;9;20
12:58:48,253;-14;-19;-24;21;9;20
12:58:48,259;-14;-19;-23;21;9;20
12:58:48,269;-14;-19;-23;20;9;20
12:58:48,282;-14;-19;-23;20;9;20
12:58:48,289;-14;-19;-23;20;9;21
12:58:48,323;-14;-19;-23;20;9;21
12:58:48,328;-14;-19;-23;19;8;20
12:58:48,333;-15;-19;-24;19;8;20
12:58:48,338;-15;-19;-24;19;9;20
12:58:48,343;-15;-19;-24;19;9;20
12:58:48,349;-15;-19;-24;19;8;20
12:58:48,359;-14;-19;-24;19;8;20
12:58:48,371;-14;-19;-24;19;8;20
12:58:48,379;-15;-19;-24;19;8;20
12:58:48,390;-15;-19;-24;18;7;19
12:58:48,399;-15;-19;-23;18;7;19
12:58:48,409;-15;-19;-23;17;8;19
12:58:48,420;-14;-19;-23;17;8;19
12:58:48,430;-14;-19;-23;17;7;19
12:58:48,439;-14;-19;-23;17;7;19
12:58:48,453;-14;-19;-23;17;7;19
12:58:48,459;-15;-19;-23;17;7;19
12:58:48,471;-15;-19;-23;15;7;19
12:58:48,479;-15;-19;-23;15;7;19
12:58:48,489;-15;-19;-23;15;8;19
12:58:48,499;-15;-20;-18;15;8;19
12:58:48,508;-15;-20;-18;17;6;19
12:58:48,519;-18;-19;-18;17;6;19
12:58:48,529;-18;-19;-18;15;8;19
12:58:48,539;-18;-19;-18;15;8;19
12:58:48,550;-18;-19;-18;15;8;19
12:58:48,558;-18;-20;-17;15;8;19
12:58:48,570;-18;-20;-17;15;8;18
12:58:48,579;-18;-20;-17;15;8;18
12:58:48,589;-18;-20;-17;14;8;18
12:58:48,599;-19;-19;-20;14;8;18
12:58:48,608;-19;-19;-20;12;8;17
12:58:48,618;-19;-19;-20;12;8;17
12:58:48,628;-19;-19;-20;12;8;17
12:58:48,638;-18;-19;-19;12;8;17
12:58:48,648;-18;-19;-19;11;9;18
12:58:48,658;-19;-19;-19;11;9;18
12:58:48,668;-19;-19;-19;12;8;18
12:58:48,679;-18;-21;-18;12;8;18
12:58:48,693;-18;-21;-18;12;8;18
12:58:48,698;-19;-20;-18;12;8;18
12:58:48,710;-19;-20;-18;14;8;19
12:58:48,719;-19;-20;-18;14;8;19
12:58:48,729;-19;-20;-18;14;8;19
12:58:48,741;-19;-21;-18;14;8;19
12:58:48,750;-19;-21;-18;15;7;18
12:58:48,759;-20;-21;-15;15;7;18
12:58:48,770;-20;-21;-15;14;7;18
12:58:48,778;-20;-21;-15;14;7;18
12:58:48,794;-20;-21;-15;14;7;18
12:58:48,799;-21;-20;-15;14;7;18
12:58:48,808;-21;-20;-15;15;8;18
12:58:48,818;-21;-20;-15;15;8;18
12:58:48,828;-21;-20;-15;14;8;17
12:58:48,838;-23;-20;-14;14;8;17
12:58:48,850;-23;-20;-14;14;11;17
12:58:48,859;-23;-20;-14;14;11;17
12:58:48,868;-23;-20;-14;15;17;17
12:58:48,879;-23;-21;-14;15;17;17
12:58:48,890;-23;-21;-14;15;17;17
12:58:48,908;-23;-21;-14;15;17;17
12:58:48,914;-23;-21;-14;15;25;17
12:58:48,920;-23;-21;-14;15;25;17
12:58:48,929;-23;-21;-14;15;31;17
12:58:48,938;-23;-21;-15;15;31;17
12:58:48,949;-23;-21;-15;15;31;17
12:58:48,958;-23;-21;-14;15;31;17
12:58:48,968;-23;-21;-14;17;35;17
12:58:48,980;-24;-20;-14;17;35;17
12:58:48,988;-24;-20;-14;15;42;17
12:58:48,998;-24;-20;-14;15;42;17
12:58:49,008;-24;-20;-14;18;46;17
12:58:49,019;-24;-21;-14;18;46;17
12:58:49,028;-24;-21;-14;18;48;17
12:58:49,043;-25;-21;-13;18;48;17
12:58:49,049;-25;-21;-13;18;47;17
12:58:49,061;-25;-21;-13;18;47;17
12:58:49,069;-25;-21;-13;18;47;17
12:58:49,080;-25;-23;-13;18;47;17
12:58:49,089;-25;-23;-13;18;49;17
12:58:49,107;-25;-23;-13;18;49;17
12:58:49,112;-25;-23;-13;19;52;17
12:58:49,122;-25;-21;-13;19;52;17
12:58:49,129;-25;-21;-13;20;54;17
12:58:49,139;-24;-21;-14;20;54;17
12:58:49,160;-24;-21;-14;20;54;17
12:58:49,165;-24;-21;-14;20;54;17
12:58:49,170;-24;-21;-14;20;56;15
12:58:49,182;-24;-21;-14;20;56;15
12:58:49,189;-24;-21;-14;23;58;15
12:58:49,204;-24;-21;-14;23;58;15
12:58:49,209;-24;-21;-14;23;58;15
12:58:49,218;-24;-23;-14;23;58;15
12:58:49,236;-24;-23;-14;23;58;15
12:58:49,241;-24;-21;-13;23;58;15
12:58:49,248;-24;-21;-13;23;60;15
12:58:49,259;-23;-21;-15;23;60;15
12:58:49,269;-23;-21;-15;23;61;17
12:58:49,280;-23;-21;-15;23;61;17
12:58:49,288;-23;-21;-15;24;61;17
12:58:49,298;-18;-21;-15;24;61;17
12:58:49,308;-18;-21;-15;24;62;17
12:58:49,318;-18;-23;-15;24;62;17
12:58:49,345;-18;-23;-15;25;64;17
12:58:49,350;-18;-23;-15;25;64;17
12:58:49,356;-18;-23;-15;26;64;18
12:58:49,361;-18;-23;-15;26;64;18
12:58:49,369;-18;-23;-15;27;65;18
12:58:49,380;-18;-23;-14;27;65;18
12:58:49,388;-18;-23;-14;29;65;18
12:58:49,398;-23;-21;-15;29;65;18
12:58:49,410;-23;-21;-15;29;65;18
12:58:49,419;-23;-21;-15;29;65;18
12:58:49,433;-23;-21;-15;29;64;19
12:58:49,439;-23;-16;-15;29;64;19
12:58:49,448;-23;-16;-15;30;62;18
12:58:49,460;-23;-16;-15;30;62;18
12:58:49,472;-23;-16;-15;30;62;18
12:58:49,479;-21;-17;-15;30;62;18
12:58:49,491;-21;-17;-15;30;64;19
12:58:49,498;-21;-17;-15;30;64;19
12:58:49,510;-21;-17;-15;30;64;19
12:58:49,518;-21;-16;-17;30;64;19
12:58:49,528;-21;-16;-17;30;65;18
12:58:49,539;-23;-20;-18;30;65;18
12:58:49,550;-23;-20;-18;29;62;18
12:58:49,564;-21;-20;-18;29;62;18
12:58:49,570;-21;-20;-18;27;61;19
12:58:49,579;-23;-19;-18;27;61;19
12:58:49,588;-23;-19;-18;27;60;19
12:58:49,598;-23;-19;-18;27;60;19
12:58:49,613;-23;-19;-18;26;59;19
12:58:49,618;-21;-20;-19;26;59;19
12:58:49,628;-21;-20;-19;26;60;19
12:58:49,638;-21;-20;-18;26;60;19
12:58:49,648;-21;-20;-18;26;60;19
12:58:49,662;-20;-19;-19;26;60;19
12:58:49,668;-20;-19;-19;25;59;20
12:58:49,680;-20;-19;-19;25;59;20
12:58:49,689;-20;-19;-19;24;59;20
12:58:49,698;-21;-19;-19;24;59;20
12:58:49,709;-21;-19;-19;24;59;20
12:58:49,719;-21;-19;-19;24;59;20
12:58:49,729;-21;-19;-19;23;56;21
12:58:49,739;-20;-19;-21;23;56;21
12:58:49,751;-20;-19;-21;23;56;21
12:58:49,759;-20;-19;-21;23;56;21
12:58:49,769;-20;-19;-21;21;55;21
12:58:49,780;-20;-20;-20;21;55;21
12:58:49,789;-20;-20;-20;21;55;21
12:58:49,799;-19;-19;-21;21;55;21
12:58:49,809;-19;-19;-21;21;54;23
12:58:49,819;-19;-20;-21;21;54;23
12:58:49,829;-19;-20;-21;21;54;23
12:58:49,839;-19;-19;-21;21;54;23
12:58:49,849;-19;-19;-21;21;54;23
12:58:49,859;-18;-19;-21;21;54;23
12:58:49,869;-18;-19;-21;20;42;23
12:58:49,879;-18;-18;-23;20;42;23
12:58:49,889;-18;-18;-23;19;40;23
12:58:49,900;-18;-19;-24;19;40;23
12:58:49,911;-18;-19;-24;19;39;24
12:58:49,920;-17;-18;-25;19;39;24
12:58:49,928;-17;-18;-25;19;39;24
12:58:49,939;-18;-19;-25;19;39;24
12:58:49,949;-18;-19;-25;18;38;24
12:58:49,958;-18;-19;-26;18;38;24
12:58:49,970;-18;-19;-26;18;46;24
12:58:49,978;-18;-19;-26;18;46;24
12:58:49,988;-18;-19;-26;18;46;24
12:58:49,998;-18;-19;-26;18;44;23
12:58:50,008;-18;-19;-25;18;44;23
12:58:50,022;-18;-19;-25;17;43;24
12:58:50,028;-18;-19;-25;17;43;24
12:58:50,038;-18;-19;-25;17;43;24
12:58:50,051;-17;-19;-26;17;43;24
12:58:50,060;-17;-19;-26;15;42;24
12:58:50,074;-18;-19;-27;15;42;24
12:58:50,080;-18;-19;-27;15;42;24
12:58:50,088;-18;-19;-26;15;42;24
12:58:50,098;-18;-19;-26;14;40;20
12:58:50,108;-18;-19;-27;14;40;20
12:58:50,125;-18;-19;-27;14;40;20
12:58:50,130;-18;-19;-27;14;40;20
12:58:50,138;-18;-19;-27;14;38;19
12:58:50,150;-19;-19;-27;14;38;19
12:58:50,158;-19;-19;-27;15;38;20
12:58:50,171;-18;-20;-26;15;38;20
12:58:50,178;-18;-20;-26;15;37;20
12:58:50,191;-18;-20;-26;15;37;20
12:58:50,203;-18;-20;-26;15;37;20
12:58:50,208;-19;-19;-27;15;37;20
12:58:50,220;-19;-19;-27;15;36;25
12:58:50,229;-19;-19;-27;15;36;25
12:58:50,238;-19;-19;-27;15;36;25
12:58:50,248;-20;-20;-27;15;36;25
12:58:50,258;-20;-20;-27;15;35;25
12:58:50,269;-20;-19;-29;15;35;25
12:58:50,279;-20;-19;-29;15;35;25
12:58:50,289;-20;-20;-29;15;35;25
12:58:50,298;-20;-20;-29;15;33;24
12:58:50,310;-20;-20;-29;15;33;24
12:58:50,320;-20;-20;-29;15;33;24
12:58:50,329;-21;-20;-27;15;33;24
12:58:50,338;-21;-20;-27;15;33;24
12:58:50,367;-21;-20;-27;15;33;24
12:58:50,372;-21;-20;-27;15;32;24
12:58:50,377;-23;-20;-27;15;32;24
12:58:50,382;-23;-20;-27;15;32;24
12:58:50,393;-23;-20;-27;15;32;24
12:58:50,399;-23;-20;-27;18;33;24
12:58:50,410;-21;-20;-26;18;33;24
12:58:50,419;-21;-20;-26;18;33;24
12:58:50,436;-21;-20;-26;18;33;24
12:58:50,440;-21;-20;-26;18;33;23
12:58:50,449;-23;-20;-26;18;33;23
12:58:50,459;-23;-20;-26;18;33;23
12:58:50,473;-23;-21;-25;18;33;23
12:58:50,479;-23;-21;-25;18;33;23
12:58:50,489;-23;-21;-25;18;33;23
12:58:50,499;-23;-21;-25;18;32;23
12:58:50,509;-24;-20;-25;18;32;23
12:58:50,519;-24;-20;-25;18;32;23
12:58:50,529;-24;-20;-25;18;32;23
12:58:50,539;-24;-20;-25;18;32;23
12:58:50,549;-24;-21;-25;18;32;23
12:58:50,560;-24;-21;-25;19;31;23
12:58:50,572;-24;-20;-24;19;31;23
12:58:50,579;-24;-20;-24;19;31;23
12:58:50,590;-24;-20;-24;19;31;23
12:58:50,599;-24;-20;-24;19;31;21
12:58:50,609;-25;-20;-24;19;31;21
12:58:50,619;-25;-20;-24;20;30;20
12:58:50,637;-25;-21;-23;20;30;20
12:58:50,642;-25;-21;-23;20;30;20
12:58:50,650;-24;-21;-23;20;30;20
12:58:50,659;-24;-21;-23;20;30;20
12:58:50,669;-24;-21;-23;20;30;20
12:58:50,680;-24;-21;-23;21;29;20
12:58:50,689;-24;-21;-21;21;29;20
12:58:50,701;-24;-21;-21;21;29;20
12:58:50,709;-24;-21;-20;21;29;20
12:58:50,718;-24;-21;-20;21;29;21
12:58:50,729;-24;-21;-20;21;29;21
12:58:50,739;-24;-21;-20;21;29;21
12:58:50,748;-24;-21;-20;21;29;21
12:58:50,762;-24;-21;-20;21;27;20
12:58:50,768;-23;-23;-20;21;27;20
12:58:50,778;-23;-23;-20;21;26;20
12:58:50,788;-23;-23;-20;21;26;20
12:58:50,800;-23;-23;-20;21;26;20
12:58:50,809;-23;-21;-20;21;26;20
12:58:50,818;-23;-21;-20;24;26;20
12:58:50,828;-23;-21;-20;24;26;20
12:58:50,841;-23;-21;-20;24;25;19
12:58:50,848;-23;-21;-19;24;25;19
12:58:50,861;-23;-21;-19;24;24;20
12:58:50,868;-23;-21;-18;24;24;20
12:58:50,879;-23;-21;-18;24;24;19
12:58:50,891;-23;-21;-18;24;24;19
12:58:50,898;-23;-21;-18;23;23;19
12:58:50,909;-23;-21;-18;23;23;19
12:58:50,918;-23;-21;-18;24;21;20
12:58:50,928;-23;-21;-18;24;21;20
12:58:50,945;-23;-21;-18;24;21;19
12:58:50,951;-23;-21;-18;24;21;19
12:58:50,959;-23;-21;-18;25;21;19
12:58:50,969;-23;-21;-18;25;21;19
12:58:50,979;-23;-21;-18;25;21;19
12:58:50,991;-21;-21;-18;25;21;19
12:58:51,001;-21;-21;-18;25;20;20
12:58:51,009;-21;-21;-18;25;20;20
12:58:51,021;-21;-21;-18;25;20;20
12:58:51,029;-21;-23;-18;25;20;20
12:58:51,041;-21;-23;-18;25;20;19
12:58:51,049;-21;-21;-18;25;20;19
12:58:51,059;-21;-21;-18;25;19;20
12:58:51,071;-21;-21;-18;25;19;20
12:58:51,080;-21;-21;-18;24;18;20
12:58:51,091;-21;-21;-17;24;18;20
12:58:51,100;-21;-21;-17;24;17;19
12:58:51,109;-21;-20;-17;24;17;19
12:58:51,119;-21;-20;-17;24;17;19
12:58:51,129;-21;-21;-17;24;17;19
12:58:51,141;-21;-21;-17;23;18;20
12:58:51,150;-21;-21;-17;23;18;20
12:58:51,161;-21;-21;-17;23;18;20
12:58:51,169;-20;-21;-17;23;18;20
12:58:51,179;-20;-21;-17;23;18;20
12:58:51,189;-19;-20;-17;23;18;20
12:58:51,199;-19;-20;-17;23;17;21
12:58:51,209;-19;-20;-17;23;17;21
12:58:51,219;-19;-20;-17;21;15;21
12:58:51,229;-19;-20;-17;21;15;21
12:58:51,242;-19;-20;-17;21;15;21
12:58:51,252;-19;-20;-17;21;15;21
12:58:51,259;-19;-20;-17;21;15;20
12:58:51,269;-19;-20;-18;21;15;20
12:58:51,279;-19;-20;-18;21;15;21
12:58:51,289;-17;-19;-18;21;15;21
12:58:51,299;-17;-19;-18;20;17;21
12:58:51,309;-17;-19;-18;20;17;21
12:58:51,319;-17;-19;-18;20;17;20
12:58:51,329;-15;-19;-19;20;17;20
12:58:51,340;-15;-19;-19;20;15;21
12:58:51,354;-15;-19;-18;20;15;21
12:58:51,359;-15;-19;-18;19;15;21
12:58:51,389;-15;-19;-18;19;15;21
12:58:51,395;-15;-19;-18;20;15;20
12:58:51,400;-15;-19;-19;20;15;20
12:58:51,406;-15;-19;-19;19;14;21
12:58:51,411;-17;-19;-19;19;14;21
12:58:51,420;-17;-19;-19;19;14;21
12:58:51,428;-17;-18;-20;19;14;21
12:58:51,440;-17;-18;-20;16;15;21
12:58:51,448;-15;-19;-19;16;15;21
12:58:51,458;-15;-19;-19;16;15;21
12:58:51,473;-15;-18;-14;16;15;21
12:58:51,482;-15;-18;-14;16;15;20
12:58:51,511;-15;-18;-16;16;15;20
12:58:51,517;-15;-18;-16;16;15;21
12:58:51,522;-15;-18;-16;16;15;21
12:58:51,528;-15;-18;-16;19;15;21
12:58:51,535;-17;-18;-17;19;15;21
12:58:51,540;-17;-18;-17;19;15;21
12:58:51,551;-17;-18;-17;19;15;21
12:58:51,559;-17;-18;-17;19;15;21
12:58:51,569;-17;-19;-21;19;15;21
12:58:51,580;-17;-19;-21;19;15;21
12:58:51,588;-15;-19;-21;19;15;21
12:58:51,598;-15;-19;-21;18;17;21
12:58:51,611;-15;-19;-21;18;17;21
12:58:51,618;-15;-19;-21;18;17;20
12:58:51,628;-15;-19;-21;18;17;20
12:58:51,638;-15;-19;-21;18;17;20
12:58:51,648;-15;-19;-21;18;17;20
12:58:51,661;-15;-19;-21;18;17;20
12:58:51,671;-15;-18;-21;18;17;20
12:58:51,679;-15;-18;-21;18;17;20
12:58:51,688;-17;-18;-23;18;17;20
12:58:51,698;-17;-18;-23;18;18;20
12:58:51,708;-17;-18;-23;18;18;20
12:58:51,721;-17;-18;-23;19;18;19
12:58:51,728;-17;-18;-23;19;18;19
12:58:51,738;-17;-18;-23;20;18;19
12:58:51,748;-17;-18;-23;20;18;19
12:58:51,758;-17;-18;-23;19;19;19
12:58:51,768;-17;-18;-23;19;19;19
12:58:51,783;-17;-18;-23;19;19;19
12:58:51,789;-17;-18;-24;19;19;19
12:58:51,800;-17;-18;-24;20;18;18
12:58:51,808;-17;-18;-24;20;18;18
12:58:51,818;-17;-18;-24;19;18;19
12:58:51,828;-17;-18;-24;19;18;19
12:58:51,838;-17;-18;-24;20;19;19
12:58:51,851;-17;-19;-23;20;19;19
12:58:51,858;-17;-19;-23;19;19;18
12:58:51,868;-18;-19;-21;19;19;18
12:58:51,879;-18;-19;-21;19;19;19
12:58:51,888;-18;-19;-21;19;19;19
12:58:51,898;-18;-19;-21;19;20;18
12:58:51,908;-18;-19;-21;19;20;18
12:58:51,920;-18;-19;-21;19;19;18
12:58:51,929;-18;-19;-21;19;19;18
12:58:51,940;-18;-19;-21;19;19;18
12:58:51,948;-18;-18;-21;19;19;18
12:58:51,960;-18;-18;-21;20;20;18
12:58:51,968;-18;-18;-21;20;20;18
12:58:51,982;-18;-18;-21;20;20;17
12:58:51,989;-18;-19;-20;20;20;17
12:58:52,001;-18;-19;-20;20;21;17
12:58:52,009;-18;-19;-19;20;21;17
12:58:52,019;-18;-19;-19;21;20;17
12:58:52,029;-18;-19;-19;21;20;17
12:58:52,039;-18;-19;-19;21;21;17
12:58:52,051;-19;-19;-19;21;21;17
12:58:52,059;-19;-19;-19;23;21;17
12:58:52,071;-19;-19;-19;23;21;17
12:58:52,080;-19;-19;-19;23;21;17
12:58:52,091;-19;-20;-18;23;21;17
12:58:52,100;-19;-20;-18;23;20;17
12:58:52,109;-19;-20;-18;23;20;17
12:58:52,121;-19;-20;-18;23;21;17
12:58:52,132;-19;-20;-18;23;21;17
12:58:52,139;-19;-20;-18;23;20;15
12:58:52,149;-19;-19;-17;23;20;15
12:58:52,159;-19;-19;-17;23;20;15
12:58:52,173;-19;-19;-17;23;20;15
12:58:52,181;-19;-19;-17;24;17;15
12:58:52,189;-19;-20;-17;24;17;15
12:58:52,214;-19;-20;-17;24;17;15
12:58:52,220;-16;-20;-17;24;17;15
12:58:52,226;-16;-20;-17;24;16;17
12:58:52,232;-14;-21;-17;24;16;17
12:58:52,258;-14;-21;-17;24;17;17
12:58:52,265;-16;-21;-17;24;17;17
12:58:52,271;-16;-21;-17;24;17;17
12:58:52,277;-17;-21;-17;24;17;17
12:58:52,282;-17;-21;-17;24;17;17
12:58:52,292;-17;-21;-17;25;17;17
12:58:52,299;-21;-21;-15;25;17;17
12:58:52,310;-21;-21;-15;24;20;17
12:58:52,322;-23;-21;-15;24;20;17
12:58:52,332;-23;-21;-15;24;20;17
12:58:52,342;-23;-21;-15;24;20;17
12:58:52,349;-23;-21;-15;24;20;17
12:58:52,359;-23;-18;-15;24;20;17
12:58:52,372;-23;-18;-15;23;19;17
12:58:52,380;-23;-18;-15;23;19;17
12:58:52,388;-23;-18;-15;23;19;17
12:58:52,412;-21;-18;-15;23;19;17
12:58:52,419;-21;-18;-15;24;20;17
12:58:52,424;-23;-18;-15;24;20;17
12:58:52,430;-23;-18;-15;23;20;17
12:58:52,441;-23;-18;-15;23;20;17
12:58:52,448;-23;-18;-15;23;20;17
12:58:52,459;-23;-23;-14;23;20;17
12:58:52,470;-23;-23;-14;23;20;18
12:58:52,480;-23;-23;-14;23;20;18
12:58:52,488;-23;-23;-14;20;20;18
12:58:52,500;-23;-23;-15;20;20;18
12:58:52,508;-23;-23;-15;20;20;18
12:58:52,518;-21;-24;-15;20;20;18
12:58:52,528;-21;-24;-15;20;19;18
12:58:52,538;-23;-24;-14;20;19;18
12:58:52,548;-23;-24;-14;20;19;18
12:58:52,558;-23;-24;-14;20;19;18
12:58:52,572;-23;-24;-14;20;19;18
12:58:52,582;-21;-24;-15;20;19;18
12:58:52,589;-21;-24;-15;19;19;18
12:58:52,599;-21;-24;-15;19;19;18
12:58:52,608;-21;-24;-15;19;19;18
12:58:52,620;-23;-23;-14;19;19;18
12:58:52,628;-23;-23;-14;19;19;18
12:58:52,638;-23;-23;-14;19;19;18
12:58:52,648;-23;-23;-14;18;18;19
12:58:52,658;-21;-23;-15;18;18;19
12:58:52,669;-21;-23;-15;19;19;19
12:58:52,679;-23;-23;-15;19;19;19
12:58:52,691;-23;-23;-15;19;18;18
12:58:52,698;-23;-23;-15;19;18;18
12:58:52,708;-23;-23;-15;18;18;19
12:58:52,718;-23;-23;-15;18;18;19
12:58:52,730;-23;-23;-15;18;18;19
12:58:52,738;-23;-24;-17;18;18;19
12:58:52,749;-23;-24;-17;18;19;20
12:58:52,758;-23;-24;-17;18;19;20
12:58:52,768;-23;-24;-17;18;19;20
12:58:52,778;-24;-24;-18;18;19;20
12:58:52,789;-24;-24;-18;18;18;21
12:58:52,798;-23;-24;-18;18;18;21
12:58:52,808;-23;-24;-18;18;18;21
12:58:52,819;-23;-24;-18;18;18;21
12:58:52,828;-23;-24;-18;17;17;21
12:58:52,840;-24;-21;-19;17;17;21
12:58:52,852;-24;-21;-19;17;17;20
12:58:52,859;-24;-23;-18;17;17;20
12:58:52,869;-24;-23;-18;17;17;20
12:58:52,883;-24;-23;-18;17;17;20
12:58:52,891;-24;-23;-18;15;18;21
12:58:52,899;-24;-21;-19;15;18;21
12:58:52,909;-24;-21;-19;17;17;21
12:58:52,919;-24;-21;-19;17;17;21
12:58:52,929;-24;-21;-19;17;18;21
12:58:52,939;-24;-21;-19;17;18;21
12:58:52,949;-24;-21;-19;17;18;21
12:58:52,959;-24;-23;-19;17;18;21
12:58:52,969;-24;-23;-19;15;18;24
12:58:52,982;-24;-20;-19;15;18;24
12:58:52,992;-24;-20;-19;15;17;24
12:58:52,999;-24;-21;-20;15;17;24
12:58:53,011;-24;-21;-20;15;17;19
12:58:53,018;-24;-20;-21;15;17;19
12:58:53,029;-24;-20;-21;14;17;20
12:58:53,039;-24;-20;-21;14;17;20
12:58:53,049;-24;-20;-21;14;17;20
12:58:53,060;-24;-20;-21;14;17;20
12:58:53,069;-24;-20;-21;15;17;20
12:58:53,080;-24;-20;-21;15;17;20
12:58:53,089;-24;-20;-21;15;18;20
12:58:53,100;-24;-20;-21;15;18;20
12:58:53,109;-24;-20;-21;15;18;25
12:58:53,119;-21;-20;-21;15;18;25
12:58:53,131;-21;-20;-21;15;18;25
12:58:53,138;-21;-19;-21;15;18;25
12:58:53,148;-21;-19;-21;15;19;25
12:58:53,159;-21;-19;-21;15;19;25
12:58:53,168;-21;-19;-21;15;19;25
12:58:53,180;-21;-19;-23;15;19;25
12:58:53,189;-21;-19;-23;14;18;26
12:58:53,199;-19;-19;-24;14;18;26
12:58:53,209;-19;-19;-24;14;18;26
12:58:53,218;-19;-19;-24;14;18;26
12:58:53,231;-19;-19;-24;14;19;25
12:58:53,238;-19;-20;-24;14;19;25
12:58:53,251;-19;-20;-24;15;19;26
12:58:53,258;-19;-19;-25;15;19;26
12:58:53,268;-19;-19;-25;15;19;25
12:58:53,284;-19;-18;-25;15;19;25
12:58:53,291;-19;-18;-25;15;20;25
12:58:53,299;-19;-19;-25;15;20;25
12:58:53,308;-19;-19;-25;17;20;25
12:58:53,318;-19;-19;-25;17;20;25
12:58:53,328;-19;-19;-25;17;20;25
12:58:53,338;-18;-18;-27;17;20;25
12:58:53,349;-18;-18;-27;17;20;25
12:58:53,358;-18;-18;-27;17;20;25
12:58:53,368;-18;-18;-27;17;20;25
12:58:53,378;-15;-18;-27;17;20;25
12:58:53,392;-15;-18;-27;17;20;25
12:58:53,402;-17;-19;-26;17;20;25
12:58:53,410;-17;-19;-26;17;21;24
12:58:53,434;-18;-18;-26;17;21;24
12:58:53,441;-18;-18;-26;17;21;25
12:58:53,449;-17;-19;-26;17;21;25
12:58:53,456;-17;-19;-26;17;21;25
12:58:53,464;-17;-19;-26;17;21;25
12:58:53,471;-17;-19;-26;17;23;23
12:58:53,479;-17;-18;-27;17;23;23
12:58:53,490;-17;-18;-27;18;23;23
12:58:53,505;-17;-18;-27;18;23;23
12:58:53,511;-17;-18;-27;18;23;23
12:58:53,519;-17;-19;-27;18;23;23
12:58:53,529;-17;-19;-27;18;24;21
12:58:53,539;-17;-19;-27;18;24;21
12:58:53,548;-17;-19;-27;19;24;23
12:58:53,558;-18;-18;-26;19;24;23
12:58:53,570;-18;-18;-26;19;24;23
12:58:53,580;-18;-18;-26;19;24;23
12:58:53,588;-18;-18;-26;19;24;23
12:58:53,599;-17;-19;-27;19;24;23
12:58:53,608;-17;-19;-27;19;25;20
12:58:53,618;-17;-19;-27;19;25;20
12:58:53,628;-17;-19;-27;19;25;20
12:58:53,638;-17;-18;-27;19;25;20
12:58:53,648;-17;-18;-27;19;25;20
12:58:53,660;-17;-18;-27;19;25;20
12:58:53,668;-17;-18;-27;19;25;20
12:58:53,679;-17;-19;-26;19;25;20
12:58:53,688;-17;-19;-26;20;25;20
12:58:53,698;-17;-18;-25;20;25;20
12:58:53,709;-17;-18;-25;21;24;21
12:58:53,719;-17;-18;-25;21;24;21
12:58:53,728;-17;-18;-25;21;25;20
12:58:53,741;-18;-19;-25;21;25;20
12:58:53,750;-18;-19;-25;23;24;21
12:58:53,760;-18;-19;-25;23;24;21
12:58:53,768;-18;-19;-25;23;24;21
12:58:53,778;-18;-20;-24;23;24;21
12:58:53,788;-18;-20;-24;23;25;20
12:58:53,799;-18;-19;-25;23;25;20
12:58:53,811;-18;-19;-25;23;26;19
12:58:53,819;-19;-20;-25;23;26;19
12:58:53,828;-19;-20;-25;23;26;19
12:58:53,838;-18;-19;-24;23;26;19
12:58:53,848;-18;-19;-24;23;25;19
12:58:53,858;-19;-20;-24;23;25;19
12:58:53,869;-19;-20;-24;23;25;19
12:58:53,879;-19;-19;-24;23;25;19
12:58:53,888;-19;-19;-24;23;25;19
12:58:53,900;-19;-19;-21;23;25;19
12:58:53,909;-19;-19;-21;23;24;19
12:58:53,919;-19;-19;-21;23;24;19
12:58:53,929;-19;-19;-21;23;25;19
12:58:53,939;-20;-20;-21;23;25;19
12:58:53,950;-20;-20;-21;23;25;19
12:58:53,960;-21;-20;-20;23;25;19
12:58:53,970;-21;-20;-20;23;25;20
12:58:53,983;-21;-20;-20;23;25;20
12:58:53,990;-21;-20;-20;23;25;20
12:58:54,001;-21;-21;-20;23;25;20
12:58:54,010;-21;-21;-20;23;25;20
12:58:54,020;-21;-21;-20;23;25;20
12:58:54,030;-21;-21;-20;23;25;20
12:58:54,040;-21;-20;-19;23;25;20
12:58:54,050;-21;-20;-19;23;24;19
12:58:54,059;-21;-21;-18;23;24;19
12:58:54,070;-21;-21;-18;21;24;20
12:58:54,082;-23;-21;-17;21;24;20
12:58:54,090;-23;-21;-17;21;24;19
12:58:54,101;-23;-21;-17;21;24;19
12:58:54,109;-23;-21;-17;21;23;19
12:58:54,120;-23;-20;-17;21;23;19
12:58:54,131;-23;-20;-17;21;23;19
12:58:54,140;-24;-21;-17;21;23;19
12:58:54,150;-24;-21;-17;20;23;19
12:58:54,160;-24;-21;-17;20;23;19
12:58:54,170;-24;-21;-17;20;23;19
12:58:54,180;-24;-21;-17;20;23;19
12:58:54,193;-24;-21;-17;20;23;19
12:58:54,200;-24;-21;-17;20;23;19
12:58:54,211;-24;-21;-17;20;23;19
12:58:54,221;-24;-21;-17;20;23;19
12:58:54,229;-24;-21;-17;20;21;19
12:58:54,240;-24;-21;-17;20;21;19
12:58:54,249;-24;-21;-17;20;21;19
12:58:54,261;-23;-21;-15;20;21;19
12:58:54,271;-23;-21;-15;20;20;19
12:58:54,283;-24;-20;-12;20;20;19
12:58:54,290;-24;-20;-12;19;20;20
12:58:54,302;-24;-21;-11;19;20;20
12:58:54,309;-24;-21;-11;19;20;20
12:58:54,323;-24;-21;-11;19;20;20
12:58:54,333;-24;-21;-11;19;20;19
12:58:54,340;-24;-21;-11;19;20;19
12:58:54,349;-24;-21;-11;19;19;19
12:58:54,359;-25;-21;-11;19;19;19
12:58:54,370;-25;-21;-11;19;19;19
12:58:54,379;-25;-21;-11;19;19;19
12:58:54,389;-25;-21;-11;16;19;19
12:58:54,401;-24;-23;-15;16;19;19
12:58:54,409;-24;-23;-15;16;19;19
12:58:54,420;-24;-23;-15;16;19;19
12:58:54,429;-24;-23;-15;14;18;19
12:58:54,455;-24;-21;-14;14;18;19
12:58:54,462;-24;-21;-14;14;18;19
12:58:54,470;-23;-21;-14;14;18;19
12:58:54,477;-23;-21;-14;19;18;19
12:58:54,485;-24;-21;-14;19;18;19
12:58:54,492;-24;-21;-14;19;17;19
12:58:54,499;-24;-21;-14;19;17;19
12:58:54,509;-24;-21;-14;19;17;19
12:58:54,529;-24;-20;-13;19;17;19
12:58:54,537;-24;-20;-13;19;17;20
12:58:54,544;-24;-21;-14;19;17;20
12:58:54,553;-24;-21;-14;19;17;20
12:58:54,561;-24;-21;-14;19;17;20
12:58:54,571;-23;-21;-14;19;17;20
12:58:54,579;-23;-21;-14;19;17;19
12:58:54,590;-23;-21;-14;19;17;19
12:58:54,599;-23;-21;-14;19;17;19
12:58:54,609;-21;-21;-15;19;17;19
12:58:54,621;-21;-21;-15;19;15;19
12:58:54,630;-20;-21;-14;19;15;19
12:58:54,640;-20;-21;-14;19;15;19
12:58:54,650;-20;-21;-14;19;15;19
12:58:54,660;-20;-21;-14;20;15;19
12:58:54,670;-21;-20;-15;20;15;19
12:58:54,683;-21;-20;-15;20;15;19
12:58:54,691;-20;-21;-15;20;15;19
12:58:54,699;-20;-21;-15;20;14;19
12:58:54,712;-20;-21;-15;20;14;19
12:58:54,719;-20;-21;-15;21;15;19
12:58:54,733;-19;-20;-15;21;15;19
12:58:54,740;-19;-20;-15;20;15;19
12:58:54,752;-19;-19;-17;20;15;19
12:58:54,759;-19;-19;-17;20;15;19
12:58:54,771;-17;-19;-17;20;15;19
12:58:54,779;-17;-19;-17;21;15;19
12:58:54,789;-17;-19;-17;21;15;19
12:58:54,799;-17;-19;-17;21;14;20
12:58:54,809;-17;-19;-18;21;14;20
12:58:54,819;-17;-19;-18;21;15;19
12:58:54,829;-17;-19;-18;21;15;19
12:58:54,839;-17;-19;-18;24;15;19
12:58:54,849;-17;-20;-18;24;15;19
12:58:54,859;-17;-20;-18;24;15;19
12:58:54,871;-17;-19;-18;24;15;19
12:58:54,880;-17;-19;-18;23;15;19
12:58:54,889;-17;-20;-19;23;15;19
12:58:54,899;-17;-20;-19;23;17;18
12:58:54,909;-17;-19;-18;23;17;18
12:58:54,922;-17;-19;-18;24;15;18
12:58:54,930;-15;-19;-19;24;15;18
12:58:54,941;-15;-19;-19;24;15;18
12:58:54,949;-15;-19;-20;24;15;18
12:58:54,959;-15;-19;-20;23;15;18
12:58:54,969;-15;-19;-20;23;15;18
12:58:54,979;-15;-19;-20;24;15;19
12:58:54,989;-15;-19;-20;24;15;19
12:58:55,001;-15;-19;-20;24;17;18
12:58:55,009;-15;-19;-21;24;17;18
12:58:55,020;-15;-19;-21;24;17;18
12:58:55,029;-15;-19;-21;24;17;18
12:58:55,040;-15;-19;-21;24;17;19
12:58:55,049;-12;-18;-20;24;17;19
12:58:55,063;-12;-18;-20;24;17;18
12:58:55,071;-12;-19;-21;24;17;18
12:58:55,081;-12;-19;-21;24;17;18
12:58:55,089;-12;-18;-21;24;17;18
12:58:55,099;-12;-18;-21;24;17;18
12:58:55,109;-11;-19;-21;24;17;18
12:58:55,120;-11;-19;-21;24;13;18
12:58:55,129;-15;-20;-24;24;13;18
12:58:55,142;-15;-20;-24;24;13;18
12:58:55,150;-15;-20;-24;24;13;18
12:58:55,159;-15;-20;-24;25;14;18
12:58:55,171;-15;-16;-24;25;14;18
12:58:55,179;-15;-16;-24;25;14;18
12:58:55,192;-15;-16;-24;25;14;18
12:58:55,200;-15;-16;-24;25;14;19
12:58:55,211;-15;-14;-24;25;14;19
12:58:55,219;-15;-14;-24;24;19;18
12:58:55,230;-17;-14;-24;24;19;18
12:58:55,245;-17;-14;-24;23;18;18
12:58:55,253;-17;-16;-24;23;18;18
12:58:55,260;-17;-16;-24;23;18;18
12:58:55,271;-17;-16;-24;23;18;18
12:58:55,281;-17;-16;-24;23;19;19
12:58:55,290;-17;-19;-25;23;19;19
12:58:55,299;-17;-19;-25;23;20;18
12:58:55,309;-17;-19;-25;23;20;18
12:58:55,319;-17;-19;-25;23;19;18
12:58:55,329;-17;-19;-25;23;19;18
12:58:55,340;-17;-19;-25;23;19;18
12:58:55,351;-17;-19;-25;23;19;18
12:58:55,359;-17;-19;-25;21;20;18
12:58:55,370;-17;-19;-25;21;20;18
12:58:55,382;-17;-19;-25;21;20;18
12:58:55,390;-18;-20;-25;21;20;18
12:58:55,401;-18;-20;-25;20;20;19
12:58:55,414;-17;-19;-24;20;20;19
12:58:55,422;-17;-19;-24;20;21;19
12:58:55,429;-17;-19;-24;20;21;19
12:58:55,440;-17;-19;-24;20;21;19
12:58:55,450;-17;-20;-24;20;21;19
12:58:55,477;-17;-20;-24;21;20;18
12:58:55,485;-18;-19;-25;21;20;18
12:58:55,492;-18;-19;-25;20;20;19
12:58:55,500;-18;-20;-24;20;20;19
12:58:55,508;-18;-20;-24;19;23;18
12:58:55,516;-18;-20;-24;19;23;18
12:58:55,523;-18;-20;-24;20;21;19
12:58:55,531;-19;-20;-24;20;21;19
12:58:55,539;-19;-20;-24;19;21;19
12:58:55,552;-19;-20;-24;19;21;19
12:58:55,560;-19;-20;-24;18;23;20
12:58:55,568;-19;-20;-23;18;23;20
12:58:55,578;-19;-20;-23;18;23;19
12:58:55,589;-20;-20;-23;18;23;19
12:58:55,600;-20;-20;-23;19;21;20
12:58:55,609;-21;-20;-23;19;21;20
12:58:55,620;-21;-20;-23;18;23;20
12:58:55,630;-20;-21;-21;18;23;20
12:58:55,638;-20;-21;-21;18;23;20
12:58:55,648;-23;-21;-23;18;23;20
12:58:55,658;-23;-21;-23;18;23;21
12:58:55,668;-23;-21;-23;18;23;21
12:58:55,679;-23;-21;-23;17;21;20
12:58:55,688;-23;-21;-23;17;21;20
12:58:55,700;-23;-21;-23;17;21;20
12:58:55,709;-23;-21;-23;17;21;20
12:58:55,722;-23;-21;-23;17;21;21
12:58:55,730;-23;-20;-21;17;21;21
12:58:55,738;-23;-20;-21;17;21;21
12:58:55,748;-23;-20;-21;17;21;21
12:58:55,759;-23;-20;-21;17;21;20
12:58:55,770;-24;-21;-21;17;21;20
12:58:55,779;-24;-21;-21;17;21;20
12:58:55,788;-25;-21;-21;17;21;20
12:58:55,798;-25;-21;-21;17;21;21
12:58:55,809;-25;-21;-21;17;21;21
12:58:55,818;-25;-21;-21;17;21;17
12:58:55,830;-26;-21;-21;17;21;17
12:58:55,838;-26;-21;-21;17;21;17
12:58:55,849;-25;-21;-20;17;21;17
12:58:55,859;-25;-21;-20;17;21;17
12:58:55,870;-25;-21;-19;17;21;17
12:58:55,880;-25;-21;-19;17;21;18
12:58:55,889;-25;-21;-19;17;21;18
12:58:55,905;-25;-21;-19;17;23;17
12:58:55,913;-25;-21;-19;17;23;17
12:58:55,921;-25;-21;-19;17;23;18
12:58:55,929;-26;-21;-19;17;23;18
12:58:55,938;-26;-21;-19;17;21;23
12:58:55,948;-26;-23;-19;17;21;23
12:58:55,962;-26;-23;-19;17;21;24
12:58:55,971;-26;-23;-20;17;21;24
12:58:55,978;-26;-23;-20;17;21;24
12:58:55,989;-26;-23;-20;17;21;24
12:58:55,999;-26;-23;-20;17;21;24
12:58:56,009;-25;-21;-20;17;21;24
12:58:56,019;-25;-21;-20;17;21;24
12:58:56,029;-25;-21;-20;17;21;24
12:58:56,039;-25;-21;-20;17;21;24
12:58:56,049;-25;-21;-20;17;21;24
12:58:56,064;-25;-21;-20;18;21;24
12:58:56,073;-25;-23;-20;18;21;24
12:58:56,081;-25;-23;-20;17;21;24
12:58:56,089;-25;-23;-19;17;21;24
12:58:56,099;-25;-23;-19;18;21;24
12:58:56,109;-25;-23;-19;18;21;24
12:58:56,119;-25;-23;-19;19;23;24
12:58:56,129;-25;-23;-19;19;23;24
12:58:56,139;-25;-23;-19;19;23;24
12:58:56,149;-25;-23;-19;19;23;24
12:58:56,159;-25;-23;-19;19;23;24
12:58:56,169;-24;-21;-20;19;23;24
12:58:56,180;-24;-21;-20;20;21;24
12:58:56,189;0;0;0;20;21;24
12:58:56,199;0;0;0;0;0;0
12:58:56,209;0;0;0;0;0;0
12:58:56,219;0;0;0;0;0;0
12:58:56,230;0;0;0;0;0;0
12:58:56,239;0;0;0;0;0;0
12:58:56,249;0;0;0;0;0;0
12:58:56,259;0;0;0;0;0;0
12:58:56,269;0;0;0;0;0;0
12:58:56,280;0;0;0;0;0;0
12:58:56,289;0;0;0;0;0;0
12:58:56,300;0;0;0;0;0;0
12:58:56,309;0;0;0;0;0;0
12:58:56,323;0;0;0;0;0;0
12:58:56,331;0;0;0;0;0;0
12:58:56,339;0;0;0;0;0;0
12:58:56,349;0;0;0;0;0;0
12:58:56,359;0;0;0;0;0;0
12:58:56,371;0;0;0;0;0;0
12:58:56,380;0;0;0;0;0;0
12:58:56,388;0;0;0;0;0;0
12:58:56,399;0;0;0;0;0;0
12:58:56,409;0;0;0;0;0;0
12:58:56,422;0;0;0;0;0;0
12:58:56,431;0;0;0;0;0;0
12:58:56,440;0;0;0;0;0;0
12:58:56,452;0;0;0;0;0;0
12:58:56,461;0;0;0;0;0;0
12:58:56,469;0;0;0;0;0;0
12:58:56,499;0;0;0;0;0;0
12:58:56,508;0;0;0;0;0;0
12:58:56,516;0;0;0;0;0;0
12:58:56,525;0;0;0;0;0;0
12:58:56,533;0;0;0;0;0;0
12:58:56,542;0;0;0;0;0;0
12:58:56,551;0;0;0;0;0;0
12:58:56,560;0;0;0;0;0;0
12:58:56,568;0;0;0;0;0;0
12:58:56,577;0;0;0;0;0;0
12:58:56,585;0;0;0;0;0;0
12:58:56,594;0;0;0;0;0;0
12:58:56,602;0;0;0;0;0;0
12:58:56,611;0;0;0;0;0;0
12:58:56,619;0;0;0;0;0;0
12:58:56,630;0;0;0;0;0;0
12:58:56,638;0;0;0;0;0;0
12:58:56,651;0;0;0;0;0;0
12:58:56,659;0;0;0;0;0;0
12:58:56,669;0;0;0;0;0;0
12:58:56,679;0;0;0;0;0;0
12:58:56,688;0;0;0;0;0;0
12:58:56,699;0;0;0;0;0;0
12:58:56,709;0;0;0;0;0;0
12:58:56,718;0;0;0;0;0;0
12:58:56,728;0;0;0;0;0;0
12:58:56,738;0;0;0;0;0;0
12:58:56,751;0;0;0;0;0;0
12:58:56,760;0;0;0;0;0;0
12:58:56,769;0;0;0;0;0;0
12:58:56,782;0;0;0;0;0;0
12:58:56,790;0;0;0;0;0;0
12:58:56,801;0;0;0;0;0;0
12:58:56,810;0;0;0;0;0;0
12:58:56,818;0;0;0;0;0;0
12:58:56,828;0;0;0;0;0;0
12:58:56,838;0;0;0;0;0;0
12:58:56,851;0;0;0;0;0;0
12:58:56,861;0;0;0;0;0;0
12:58:56,869;0;0;0;0;0;0
12:58:56,883;0;0;0;0;0;0
12:58:56,892;0;0;0;0;0;0
12:58:56,901;0;0;0;0;0;0
12:58:56,909;0;0;0;0;0;0
12:58:56,918;0;0;0;0;0;0
12:58:56,928;0;0;0;0;0;0
12:58:56,938;0;0;0;0;0;0
12:58:56,951;0;0;0;0;0;0
12:58:56,960;0;0;0;0;0;0
12:58:56,969;0;0;0;0;0;0
12:58:56,978;0;0;0;0;0;0
12:58:56,988;0;0;0;0;0;0
12:58:57,001;0;0;0;0;0;0
12:58:57,010;0;0;0;0;0;0
12:58:57,018;0;0;0;0;0;0
12:58:57,028;0;0;0;0;0;0
12:58:57,038;0;0;0;0;0;0
12:58:57,050;0;0;0;0;0;0
12:58:57,059;0;0;0;0;0;0
12:58:57,068;0;0;0;0;0;0
12:58:57,088;0;0;0;0;0;0
12:58:57,096;0;0;0;0;0;0
12:58:57,105;0;0;0;0;0;0
12:58:57,114;0;0;0;0;0;0
12:58:57,122;0;0;0;0;0;0
12:58:57,131;0;0;0;0;0;0
12:58:57,140;0;0;0;0;0;0
12:58:57,151;0;0;0;0;0;0
12:58:57,161;0;0;0;0;0;0
12:58:57,169;0;0;0;0;0;0
12:58:57,179;0;0;0;0;0;0
12:58:57,190;0;0;0;0;0;0
12:58:57,200;0;0;0;0;0;0
12:58:57,209;0;0;0;0;0;0
12:58:57,218;0;0;0;0;0;0
12:58:57,228;0;0;0;0;0;0
12:58:57,238;0;0;0;0;0;0
12:58:57,252;0;0;0;0;0;0
12:58:57,261;0;0;0;0;0;0
12:58:57,270;0;0;0;0;0;0
12:58:57,279;0;0;0;0;0;0
12:58:57,293;0;0;0;0;0;0
12:58:57,302;0;0;0;0;0;0
12:58:57,311;0;0;0;0;0;0
12:58:57,320;0;0;0;0;0;0
12:58:57,329;0;0;0;0;0;0
12:58:57,339;0;0;0;0;0;0
12:58:57,351;0;0;0;0;0;0
12:58:57,361;0;0;0;0;0;0
12:58:57,370;0;0;0;0;0;0
12:58:57,379;0;0;0;0;0;0
12:58:57,389;0;0;0;0;0;0
12:58:57,399;0;0;0;0;0;0
12:58:57,409;0;0;0;0;0;0
12:58:57,419;0;0;0;0;0;0
12:58:57,429;0;0;0;0;0;0
12:58:57,439;0;0;0;0;0;0
12:58:57,450;0;0;0;0;0;0
12:58:57,459;0;0;0;0;0;0
12:58:57,469;0;0;0;0;0;0
12:58:57,481;0;0;0;0;0;0
12:58:57,489;0;0;0;0;0;0
12:58:57,523;0;0;0;0;0;0
12:58:57,533;0;0;0;0;0;0
12:58:57,542;0;0;0;0;0;0
12:58:57,551;0;0;0;0;0;0
12:58:57,560;0;0;0;0;0;0
12:58:57,569;0;0;0;0;0;0
12:58:57,578;0;0;0;0;0;0
12:58:57,587;0;0;0;0;0;0
12:58:57,595;0;0;0;0;0;0
12:58:57,604;0;0;0;0;0;0
12:58:57,613;0;0;0;0;0;0
12:58:57,622;0;0;0;0;0;0
12:58:57,631;0;0;0;0;0;0
12:58:57,640;0;0;0;0;0;0
12:58:57,648;0;0;0;0;0;0
12:58:57,657;0;0;0;0;0;0
12:58:57,667;0;0;0;0;0;0
12:58:57,676;0;0;0;0;0;0
12:58:57,685;0;0;0;0;0;0
12:58:57,695;0;0;0;0;0;0
12:58:57,706;0;0;0;0;0;0
12:58:57,715;0;0;0;0;0;0
12:58:57,724;0;0;0;0;0;0
12:58:57,733;0;0;0;0;0;0
12:58:57,742;0;0;0;0;0;0
12:58:57,754;0;0;0;0;0;0
12:58:57,763;0;0;0;0;0;0
12:58:57,772;0;0;0;0;0;0
12:58:57,781;0;0;0;0;0;0
12:58:57,790;0;0;0;0;0;0
12:58:57,799;0;0;0;0;0;0
12:58:57,809;0;0;0;0;0;0
12:58:57,818;0;0;0;0;0;0
12:58:57,828;0;0;0;0;0;0
12:58:57,838;0;0;0;0;0;0
12:58:57,851;0;0;0;0;0;0
12:58:57,860;0;0;0;0;0;0
12:58:57,871;0;0;0;0;0;0
12:58:57,880;0;0;0;0;0;0
12:58:57,889;0;0;0;0;0;0
12:58:57,898;0;0;0;0;0;0
12:58:57,908;0;0;0;0;0;0
12:58:57,918;0;0;0;0;0;0
12:58:57,928;0;0;0;0;0;0
12:58:57,938;0;0;0;0;0;0
12:58:57,951;0;0;0;0;0;0
12:58:57,960;0;0;0;0;0;0
12:58:57,970;0;0;0;0;0;0
12:58:57,979;0;0;0;0;0;0
12:58:57,988;0;0;0;0;0;0
12:58:58,000;0;0;0;0;0;0
12:58:58,010;0;0;0;0;0;0
12:58:58,019;0;0;0;0;0;0
12:58:58,029;0;0;0;0;0;0
12:58:58,038;0;0;0;0;0;0
12:58:58,051;0;0;0;0;0;0
12:58:58,060;0;0;0;0;0;0
12:58:58,070;0;0;0;0;0;0
12:58:58,080;0;0;0;0;0;0
12:58:58,089;0;0;0;0;0;0
12:58:58,098;0;0;0;0;0;0
12:58:58,112;0;0;0;0;0;0
12:58:58,121;0;0;0;0;0;0
12:58:58,130;0;0;0;0;0;0
12:58:58,139;0;0;0;0;0;0
12:58:58,151;0;0;0;0;0;0
12:58:58,160;0;0;0;0;0;0
12:58:58,169;0;0;0;0;0;0
12:58:58,178;0;0;0;0;0;0
12:58:58,188;0;0;0;0;0;0
12:58:58,199;0;0;0;0;0;0
12:58:58,209;0;0;0;0;0;0
12:58:58,218;0;0;0;0;0;0
12:58:58,228;0;0;0;0;0;0
12:58:58,238;0;0;0;0;0;0
12:58:58,248;0;0;0;0;0;0
12:58:58,258;0;0;0;0;0;0
12:58:58,268;0;0;0;0;0;0
12:58:58,279;0;0;0;0;0;0
12:58:58,289;0;0;0;0;0;0
12:58:58,299;0;0;0;0;0;0
12:58:58,308;0;0;0;0;0;0
12:58:58,318;0;0;0;0;0;0
12:58:58,328;0;0;0;0;0;0
12:58:58,338;0;0;0;0;0;0
12:58:58,350;0;0;0;0;0;0
12:58:58,360;0;0;0;0;0;0
12:58:58,370;0;0;0;0;0;0
12:58:58,381;0;0;0;0;0;0
12:58:58,390;0;0;0;0;0;0
12:58:58,399;0;0;0;0;0;0
12:58:58,409;0;0;0;0;0;0
12:58:58,419;0;0;0;0;0;0
12:58:58,429;0;0;0;0;0;0
12:58:58,440;0;0;0;0;0;0
12:58:58,449;0;0;0;0;0;0
12:58:58,459;0;0;0;0;0;0
12:58:58,469;0;0;0;0;0;0
12:58:58,479;0;0;0;0;0;0
12:58:58,489;0;0;0;0;0;0
12:58:58,500;0;0;0;0;0;0
12:58:58,509;0;0;0;0;0;0
12:58:58,524;0;0;0;0;0;0
12:58:58,545;0;0;0;0;0;0
12:58:58,554;0;0;0;0;0;0
12:58:58,564;0;0;0;0;0;0
12:58:58,573;0;0;0;0;0;0
12:58:58,582;0;0;0;0;0;0
12:58:58,592;0;0;0;0;0;0
12:58:58,601;0;0;0;0;0;0
12:58:58,611;0;0;0;0;0;0
12:58:58,621;0;0;0;0;0;0
12:58:58,630;0;0;0;0;0;0
12:58:58,640;0;0;0;0;0;0
12:58:58,649;0;0;0;0;0;0
12:58:58,658;0;0;0;0;0;0
12:58:58,668;0;0;0;0;0;0
12:58:58,677;0;0;0;0;0;0
12:58:58,687;0;0;0;0;0;0
12:58:58,696;0;0;0;0;0;0
12:58:58,705;0;0;0;0;0;0
12:58:58,715;0;0;0;0;0;0
12:58:58,725;0;0;0;0;0;0
12:58:58,735;0;0;0;0;0;0
12:58:58,744;0;0;0;0;0;0
12:58:58,754;0;0;0;0;0;0
12:58:58,764;0;0;0;0;0;0
12:58:58,774;0;0;0;0;0;0
12:58:58,783;0;0;0;0;0;0
12:58:58,793;0;0;0;0;0;0
12:58:58,803;0;0;0;0;0;0
12:58:58,812;0;0;0;0;0;0
12:58:58,822;0;0;0;0;0;0
12:58:58,831;0;0;0;0;0;0
12:58:58,841;0;0;0;0;0;0
12:58:58,851;0;0;0;0;0;0
12:58:58,862;0;0;0;0;0;0
12:58:58,871;0;0;0;0;0;0
12:58:58,881;0;0;0;0;0;0
12:58:58,891;0;0;0;0;0;0
12:58:58,900;0;0;0;0;0;0
12:58:58,910;0;0;0;0;0;0
12:58:58,920;0;0;0;0;0;0
12:58:58,932;0;0;0;0;0;0
12:58:58,941;0;0;0;0;0;0
12:58:58,952;0;0;0;0;0;0
12:58:58,961;0;0;0;0;0;0
12:58:58,971;0;0;0;0;0;0
12:58:58,981;0;0;0;0;0;0
12:58:58,991;0;0;0;0;0;0
12:58:59,001;0;0;0;0;0;0
12:58:59,011;0;0;0;0;0;0
12:58:59,020;0;0;0;0;0;0
12:58:59,034;0;0;0;0;0;0
12:58:59,044;0;0;0;0;0;0
12:58:59,053;0;0;0;0;0;0
12:58:59,063;0;0;0;0;0;0
12:58:59,073;0;0;0;0;0;0
12:58:59,083;0;0;0;0;0;0
12:58:59,092;0;0;0;0;0;0
12:58:59,102;0;0;0;0;0;0
12:58:59,112;0;0;0;0;0;0
12:58:59,121;0;0;0;0;0;0
12:58:59,131;0;0;0;0;0;0
12:58:59,141;0;0;0;0;0;0
12:58:59,151;0;0;0;0;0;0
12:58:59,161;0;0;0;0;0;0
12:58:59,170;0;0;0;0;0;0
12:58:59,183;0;0;0;0;0;0
12:58:59,193;0;0;0;0;0;0
12:58:59,203;0;0;0;0;0;0
12:58:59,212;0;0;0;0;0;0
12:58:59,222;0;0;0;0;0;0
12:58:59,232;0;0;0;0;0;0
12:58:59,242;0;0;0;0;0;0
12:58:59,252;0;0;0;0;0;0
12:58:59,262;0;0;0;0;0;0
12:58:59,271;0;0;0;0;0;0
12:58:59,282;0;0;0;0;0;0
12:58:59,291;0;0;0;0;0;0
12:58:59,303;0;0;0;0;0;0
12:58:59,312;0;0;0;0;0;0
12:58:59,323;0;0;0;0;0;0
12:58:59,332;0;0;0;0;0;0
12:58:59,342;0;0;0;0;0;0
12:58:59,352;0;0;0;0;0;0
12:58:59,362;0;0;0;0;0;0
12:58:59,372;0;0;0;0;0;0
12:58:59,382;0;0;0;0;0;0
12:58:59,392;0;0;0;0;0;0
12:58:59,402;0;0;0;0;0;0
12:58:59,412;0;0;0;0;0;0
12:58:59,422;0;0;0;0;0;0
12:58:59,432;0;0;0;0;0;0
12:58:59,442;0;0;0;0;0;0
12:58:59,452;0;0;0;0;0;0
12:58:59,462;0;0;0;0;0;0
12:58:59,472;0;0;0;0;0;0
12:58:59,482;0;0;0;0;0;0
12:58:59,492;0;0;0;0;0;0
12:58:59,502;0;0;0;0;0;0
12:58:59,512;0;0;0;0;0;0
12:58:59,522;0;0;0;0;0;0
12:58:59,533;0;0;0;0;0;0
12:58:59,543;0;0;0;0;0;0
12:58:59,565;0;0;0;0;0;0
12:58:59,575;0;0;0;0;0;0
12:58:59,586;0;0;0;0;0;0
12:58:59,596;0;0;0;0;0;0
