12:51:44,990;0;0;0;0;0;0
51:45,0;0;0;0;0;0;0
51:45,0;0;0;0;0;0;0
51:45,0;0;0;0;0;0;0
51:45,0;0;0;0;0;0;0
51:45,0;0;0;0;0;0;0
51:45,1;0;0;0;0;0;0
51:45,1;0;0;0;0;0;0
51:45,1;0;0;0;0;0;0
51:45,1;0;0;0;0;0;0
51:45,1;0;0;0;0;0;0
51:45,1;0;0;0;0;0;0
51:45,1;0;0;0;0;0;0
51:45,1;0;0;0;0;0;0
51:45,1;0;0;0;0;0;0
51:45,1;0;0;0;0;0;0
51:45,2;0;0;0;0;0;0
51:45,2;0;0;0;0;0;0
51:45,2;0;0;0;0;0;0
51:45,2;0;0;0;0;0;0
51:45,2;0;0;0;0;0;0
51:45,2;0;0;0;0;0;0
51:45,2;0;0;0;0;0;0
51:45,2;0;0;0;0;0;0
51:45,2;0;0;0;0;0;0
51:45,2;0;0;0;0;0;0
51:45,3;0;0;0;0;0;0
51:45,3;0;0;0;0;0;0
51:45,3;0;0;0;0;0;0
51:45,3;0;0;0;0;0;0
51:45,3;0;0;0;0;0;0
51:45,3;0;0;0;0;0;0
51:45,3;0;0;0;0;0;0
51:45,3;0;0;0;0;0;0
51:45,3;0;0;0;0;0;0
51:45,3;0;0;0;0;0;0
51:45,4;0;0;0;0;0;0
51:45,4;0;0;0;0;0;0
51:45,4;0;0;0;0;0;0
51:45,4;0;0;0;0;0;0
51:45,4;0;0;0;0;0;0
51:45,4;0;0;0;0;0;0
51:45,4;0;0;0;0;0;0
51:45,4;0;0;0;0;0;0
51:45,4;0;0;0;0;0;0
51:45,4;0;0;0;0;0;0
51:45,5;0;0;0;0;0;0
51:45,5;0;0;0;0;0;0
51:45,5;0;0;0;0;0;0
51:45,5;0;0;0;0;0;0
51:45,5;0;0;0;0;0;0
51:45,5;0;0;0;0;0;0
51:45,5;0;0;0;0;0;0
51:45,5;0;0;0;0;0;0
51:45,5;0;0;0;0;0;0
51:45,5;0;0;0;0;0;0
51:45,5;0;0;0;0;0;0
51:45,6;0;0;0;0;0;0
51:45,6;0;0;0;0;0;0
51:45,6;0;0;0;0;0;0
51:45,6;0;0;0;0;0;0
51:45,6;0;0;0;0;0;0
51:45,6;0;0;0;0;0;0
51:45,6;0;0;0;0;0;0
51:45,6;0;0;0;0;0;0
51:45,6;0;0;0;0;0;0
51:45,7;0;0;0;0;0;0
51:45,7;0;0;0;0;0;0
51:45,7;0;0;0;0;0;0
51:45,7;0;0;0;0;0;0
51:45,7;0;0;0;0;0;0
51:45,7;0;0;0;0;0;0
51:45,7;0;0;0;23;23;17
51:45,7;-13;-18;-18;23;23;17
51:45,7;-13;-18;-18;18;19;13
51:45,7;-10;-14;-13;18;19;13
51:45,8;-10;-14;-13;9;10;7
51:45,8;-10;-14;-13;9;10;7
51:45,8;-10;-14;-13;9;10;7
51:45,8;-6;-10;-9;9;10;7
51:45,8;-6;-10;-9;4;5;4
51:45,8;0;-1;0;4;5;4
51:45,8;0;-1;0;0;1;2
51:45,8;0;-1;0;0;1;2
51:45,8;0;-1;0;0;1;2
51:45,8;0;-1;0;0;1;2
51:45,9;0;-1;0;0;1;2
51:45,9;0;0;0;0;1;2
51:45,9;0;0;0;0;1;1
51:45,9;0;-1;0;0;1;1
51:45,9;0;-1;0;0;1;1
51:45,9;0;-1;0;0;1;1
51:45,9;0;-1;0;0;1;1
51:45,9;0;-2;0;0;1;1
51:45,9;0;-2;0;0;0;0
51:45,9;0;-2;0;0;0;0
51:46,0;0;-2;0;0;0;0
51:46,0;0;-2;0;0;0;0
51:46,0;0;-2;0;0;0;0
51:46,0;0;-2;0;0;0;0
51:46,0;0;-2;0;0;1;1
51:46,0;0;-2;0;0;1;1
51:46,0;0;-2;0;0;1;1
51:46,0;0;-1;0;0;1;1
51:46,0;0;-1;0;0;1;1
51:46,0;0;-1;0;0;1;1
51:46,1;0;-1;0;0;1;1
51:46,1;0;0;0;0;1;1
51:46,1;0;0;0;0;1;1
51:46,1;0;0;0;0;1;1
51:46,1;0;0;0;0;1;1
51:46,1;0;0;0;0;1;1
51:46,1;0;0;0;0;1;1
51:46,1;0;-1;0;0;1;1
51:46,1;0;-1;0;0;1;2
51:46,1;-1;-1;0;0;1;2
51:46,2;-1;-1;0;2;3;2
51:46,2;-1;-1;0;2;3;2
51:46,2;-1;-1;0;2;4;1
51:46,2;-2;-2;0;2;4;1
51:46,2;-2;-2;0;2;4;1
51:46,2;-4;-3;-2;2;4;1
51:46,2;-4;-3;-2;4;4;1
51:46,2;-4;-3;-2;4;4;1
51:46,2;-4;-3;-2;5;5;1
51:46,2;-5;-5;-3;5;5;1
51:46,3;-5;-5;-3;6;6;2
51:46,3;-6;-7;-6;6;6;2
51:46,3;-6;-7;-6;6;7;3
51:46,3;-6;-7;-6;6;7;3
51:46,3;-6;-7;-6;8;8;4
51:46,3;-8;-8;-7;8;8;4
51:46,3;-8;-8;-7;9;11;6
51:46,3;-8;-9;-8;9;11;6
51:46,3;-8;-9;-8;8;11;7
51:46,3;-8;-9;-8;8;11;7
51:46,4;-8;-9;-8;8;11;7
51:46,4;-9;-12;-11;8;11;7
51:46,4;-9;-12;-11;9;13;9
51:46,4;-11;-13;-12;9;13;9
51:46,4;-11;-13;-12;9;13;9
51:46,4;-11;-13;-12;9;13;9
51:46,4;-11;-13;-12;11;14;9
51:46,4;-12;-13;-14;11;14;9
51:46,4;-12;-13;-14;11;14;12
51:46,4;-12;-13;-14;11;14;12
51:46,5;-12;-13;-14;12;17;13
51:46,5;-12;-14;-14;12;17;13
51:46,5;-12;-14;-14;12;17;14
51:46,5;-12;-13;-15;12;17;14
51:46,5;-12;-13;-15;12;17;14
51:46,5;-12;-13;-17;12;17;14
51:46,5;-12;-13;-17;12;17;15
51:46,5;-12;-13;-17;12;17;15
51:46,5;-12;-13;-17;12;19;17
51:46,5;-13;-16;-17;12;19;17
51:46,6;-13;-16;-17;13;18;17
51:46,6;-13;-16;-17;13;18;17
51:46,6;-13;-16;-17;13;18;17
51:46,6;-13;-19;-18;13;18;17
51:46,6;-13;-19;-18;13;19;18
51:46,6;-14;-19;-18;13;19;18
51:46,6;-14;-19;-18;13;20;18
51:46,6;-15;-20;-18;13;20;18
51:46,6;-15;-20;-18;13;20;19
51:46,6;-14;-21;-18;13;20;19
51:46,6;-14;-21;-18;12;20;20
51:46,7;-14;-23;-19;12;20;20
51:46,7;-14;-23;-19;12;20;20
51:46,7;-14;-23;-19;12;20;20
51:46,7;-14;-23;-19;13;20;19
51:46,7;-14;-23;-20;13;20;19
51:46,7;-14;-23;-20;13;21;21
51:46,7;-15;-23;-20;13;21;21
51:46,7;-15;-23;-20;13;21;21
51:46,7;-15;-23;-20;13;21;21
51:46,7;-15;-23;-20;14;21;21
51:46,8;-15;-23;-20;14;21;21
51:46,8;-15;-23;-20;12;23;21
51:46,8;-15;-21;-20;12;23;21
51:46,8;-15;-21;-20;12;21;23
51:46,8;-15;-21;-20;12;21;23
51:46,8;-15;-21;-20;12;21;23
51:46,8;-17;-21;-21;12;21;23
51:46,8;-17;-21;-21;12;21;23
51:46,8;-17;-23;-21;12;21;23
51:46,9;-17;-23;-21;17;21;18
51:46,9;-17;-21;-21;17;21;18
51:46,9;-17;-21;-21;15;23;18
51:46,9;-17;-21;-21;15;23;18
51:46,9;-17;-21;-21;15;23;18
51:46,9;-17;-23;-23;15;23;18
51:46,9;-17;-23;-23;15;23;18
51:46,9;-17;-21;-21;15;23;18
51:46,9;-17;-21;-21;17;21;18
51:46,9;-17;-21;-21;17;21;18
51:47,0;-17;-21;-21;15;21;19
51:47,0;-17;-23;-21;15;21;19
51:47,0;-17;-23;-21;17;21;24
51:47,0;-18;-21;-21;17;21;24
51:47,0;-18;-21;-21;18;21;24
51:47,0;-18;-21;-21;18;21;24
51:47,0;-18;-21;-21;18;21;24
51:47,0;-18;-21;-23;18;21;24
51:47,0;-18;-21;-23;18;21;23
51:47,1;-18;-21;-23;18;21;23
51:47,1;-18;-21;-23;18;21;23
51:47,1;-19;-21;-23;18;21;23
51:47,1;-19;-21;-23;18;21;24
51:47,1;-19;-21;-23;18;21;24
51:47,1;-19;-21;-23;19;20;24
51:47,1;-19;-21;-23;19;20;24
51:47,1;-19;-21;-23;20;21;24
51:47,1;-20;-21;-23;20;21;24
51:47,1;-20;-21;-23;20;21;24
51:47,2;-20;-20;-23;20;21;24
51:47,2;-20;-20;-23;20;21;24
51:47,2;-20;-20;-23;20;21;24
51:47,2;-20;-20;-23;20;21;23
51:47,2;-20;-21;-24;20;21;23
51:47,2;-20;-21;-24;21;20;21
51:47,2;-20;-21;-24;21;20;21
51:47,2;-20;-21;-24;21;21;21
51:47,2;-21;-20;-24;21;21;21
51:47,2;-21;-20;-24;24;20;21
51:47,3;-20;-20;-24;24;20;21
51:47,3;-20;-20;-24;24;20;21
51:47,3;-21;-20;-21;24;20;21
51:47,3;-21;-20;-21;25;20;21
51:47,3;-21;-20;-21;25;20;21
51:47,3;-21;-20;-21;25;20;21
51:47,3;-21;-20;-21;25;20;21
51:47,3;-21;-20;-21;26;20;21
51:47,3;-21;-21;-21;26;20;21
51:47,3;-21;-21;-21;26;21;20
51:47,3;-23;-20;-20;26;21;20
51:47,4;-23;-20;-20;26;20;20
51:47,4;-23;-20;-21;26;20;20
51:47,4;-23;-20;-21;29;20;20
51:47,4;-23;-20;-21;29;20;20
51:47,4;-23;-20;-21;29;20;20
51:47,4;-23;-20;-20;29;20;20
51:47,4;-23;-20;-20;29;20;20
51:47,4;-23;-20;-20;29;20;20
51:47,4;-24;-20;-20;29;20;20
51:47,4;-24;-20;-20;30;21;20
51:47,5;-24;-20;-20;30;21;20
51:47,5;-24;-20;-20;30;21;20
51:47,5;-25;-20;-14;30;21;20
51:47,5;-25;-20;-14;29;20;19
51:47,5;-24;-20;-14;29;20;19
51:47,5;-24;-20;-14;27;21;19
51:47,5;-24;-20;-14;27;21;19
51:47,5;-24;-20;-14;27;21;19
51:47,5;-25;-19;-13;27;21;19
51:47,5;-25;-19;-13;27;21;20
51:47,6;-25;-20;-13;27;21;20
51:47,6;-25;-20;-13;26;21;20
51:47,6;-24;-20;-18;26;21;20
51:47,6;-24;-20;-18;25;20;19
51:47,6;-24;-20;-18;25;20;19
51:47,6;-24;-20;-18;25;20;19
51:47,6;-24;-19;-18;25;20;19
51:47,6;-24;-19;-18;24;21;20
51:47,6;-24;-20;-18;24;21;20
51:47,6;-24;-20;-18;23;21;20
51:47,7;-23;-19;-19;23;21;20
51:47,7;-23;-19;-19;20;21;20
51:47,7;-24;-20;-18;20;21;20
51:47,7;-24;-20;-18;19;23;21
51:47,7;-23;-20;-18;19;23;21
51:47,7;-23;-20;-18;19;23;21
51:47,7;-23;-20;-18;19;23;21
51:47,7;-23;-20;-18;19;21;20
51:47,7;-24;-19;-18;19;21;20
51:47,7;-24;-19;-18;18;21;20
51:47,8;-23;-19;-17;18;21;20
51:47,8;-23;-19;-17;18;21;20
51:47,8;-20;-19;-17;18;21;20
51:47,8;-20;-19;-17;18;21;19
51:47,8;-21;-18;-17;18;21;19
51:47,8;-21;-18;-17;18;20;20
51:47,8;-20;-19;-17;18;20;20
51:47,8;-20;-19;-17;18;20;20
51:47,8;-20;-19;-17;18;20;20
51:47,8;-20;-19;-17;17;21;20
51:47,9;-20;-18;-17;17;21;20
51:47,9;-20;-18;-17;17;20;20
51:47,9;-20;-18;-17;17;20;20
51:47,9;-20;-18;-17;17;20;20
51:47,9;-17;-19;-17;17;20;20
51:47,9;-17;-19;-17;17;20;20
51:47,9;-17;-19;-17;17;20;20
51:47,9;-17;-19;-17;17;20;19
51:47,9;-16;-19;-17;17;20;19
51:47,9;-16;-19;-17;18;21;20
51:48,0;-16;-19;-17;18;21;20
51:48,0;-16;-19;-17;18;21;20
51:48,0;-16;-20;-17;18;21;20
51:48,0;-16;-20;-17;18;21;19
51:48,0;-19;-19;-17;18;21;19
51:48,0;-19;-19;-17;18;20;20
51:48,0;-19;-19;-17;18;20;20
51:48,0;-19;-19;-17;17;20;20
51:48,0;-20;-19;-17;17;20;20
51:48,0;-20;-19;-17;17;20;19
51:48,0;-20;-19;-17;17;20;19
51:48,1;-20;-19;-17;17;20;20
51:48,1;-20;-19;-18;17;20;20
51:48,1;-20;-19;-18;17;20;20
51:48,1;-20;-19;-18;17;20;20
51:48,1;-20;-19;-18;15;20;20
51:48,1;-20;-20;-18;15;20;20
51:48,1;-20;-20;-18;17;20;19
51:48,1;-20;-20;-18;17;20;19
51:48,1;-20;-20;-18;15;19;20
51:48,2;-20;-20;-18;15;19;20
51:48,2;-20;-20;-18;15;19;20
51:48,2;-19;-20;-17;15;19;20
51:48,2;-19;-20;-17;15;19;19
51:48,2;-19;-19;-18;15;19;19
51:48,2;-19;-19;-18;15;19;19
51:48,2;-18;-19;-18;15;19;19
51:48,2;-18;-19;-18;18;19;19
51:48,2;-18;-19;-18;18;19;19
51:48,2;-18;-19;-18;17;19;19
51:48,3;-19;-20;-20;17;19;19
51:48,3;-19;-20;-20;17;19;19
51:48,3;-19;-20;-20;17;19;19
51:48,3;-19;-20;-20;17;19;19
51:48,3;-18;-20;-19;17;19;19
51:48,3;-18;-20;-19;15;18;19
51:48,3;-19;-21;-20;15;18;19
51:48,3;-19;-21;-20;15;18;19
51:48,3;-19;-20;-20;15;18;19
51:48,3;-19;-20;-20;17;19;20
51:48,4;-18;-20;-20;17;19;20
51:48,4;-18;-20;-20;15;19;19
51:48,4;-18;-20;-20;15;19;19
51:48,4;-18;-20;-20;17;18;19
51:48,4;-18;-20;-20;17;18;19
51:48,4;-18;-20;-20;17;18;19
51:48,4;-18;-20;-20;17;18;19
51:48,4;-18;-20;-20;17;18;20
51:48,4;-18;-21;-21;17;18;20
51:48,4;-18;-21;-21;17;18;20
51:48,5;-18;-20;-21;17;18;20
51:48,5;-18;-20;-21;17;18;19
51:48,5;-18;-20;-21;17;18;19
51:48,5;-18;-20;-21;18;18;20
51:48,5;-18;-21;-21;18;18;20
51:48,5;-18;-21;-21;18;18;19
51:48,5;-18;-20;-23;18;18;19
51:48,5;-18;-20;-23;18;18;19
51:48,5;-17;-20;-23;18;18;19
51:48,5;-17;-20;-23;18;19;19
51:48,6;-18;-21;-23;18;19;19
51:48,6;-18;-21;-23;18;18;18
51:48,6;-18;-20;-23;18;18;18
51:48,6;-18;-20;-23;18;18;19
51:48,6;-18;-21;-23;18;18;19
51:48,6;-18;-21;-23;18;18;19
51:48,6;-19;-21;-24;18;18;19
51:48,6;-19;-21;-24;19;18;19
51:48,6;-19;-21;-24;19;18;19
51:48,6;-19;-21;-24;19;18;19
51:48,7;-19;-23;-24;19;18;19
51:48,7;-19;-23;-24;19;14;19
51:48,7;-19;-23;-24;19;14;19
51:48,7;-19;-23;-24;19;13;19
51:48,7;-20;-23;-25;19;13;19
51:48,7;-20;-23;-25;20;14;19
51:48,7;-20;-23;-25;20;14;19
51:48,7;-20;-23;-25;20;14;19
51:48,7;-20;-21;-25;20;14;19
51:48,7;-20;-21;-25;23;18;18
51:48,8;-20;-21;-26;23;18;18
51:48,8;-20;-21;-26;23;19;18
51:48,8;-20;-21;-25;23;19;18
51:48,8;-20;-21;-25;23;19;18
51:48,8;-20;-21;-25;23;19;18
51:48,8;-20;-21;-25;23;18;19
51:48,8;-20;-20;-25;23;18;19
51:48,8;-20;-20;-25;23;19;18
51:48,8;-20;-20;-25;23;19;18
51:48,8;-20;-20;-25;23;19;19
51:48,9;-21;-20;-26;23;19;19
51:48,9;-21;-20;-26;24;19;20
51:48,9;-21;-21;-25;24;19;20
51:48,9;-21;-21;-25;24;19;20
51:48,9;-21;-20;-26;24;19;20
51:48,9;-21;-20;-26;24;19;19
51:48,9;-21;-21;-25;24;19;19
51:48,9;-21;-21;-25;25;20;19
51:48,9;-23;-21;-25;25;20;19
51:48,9;-23;-21;-25;25;20;19
51:49,0;-21;-21;-24;25;20;19
51:49,0;-21;-21;-24;24;20;19
51:49,0;-23;-20;-25;24;20;19
51:49,0;-23;-20;-25;24;20;19
51:49,0;-24;-21;-24;24;20;19
51:49,0;-24;-21;-24;24;20;20
51:49,0;-24;-20;-24;24;20;20
51:49,0;-24;-20;-24;24;20;20
51:49,0;-24;-20;-24;24;20;20
51:49,0;-24;-20;-24;24;19;20
51:49,1;-25;-20;-23;24;19;20
51:49,1;-25;-20;-23;24;20;20
51:49,1;-25;-20;-23;24;20;20
51:49,1;-25;-20;-23;24;20;20
51:49,1;-24;-20;-23;24;20;20
51:49,1;-24;-20;-23;24;19;20
51:49,1;-24;-21;-23;24;19;20
51:49,1;-24;-21;-23;24;20;20
51:49,1;-24;-20;-21;24;20;20
51:49,1;-24;-20;-21;23;21;20
51:49,2;-23;-20;-21;23;21;20
51:49,2;-23;-20;-21;21;20;21
51:49,2;-23;-20;-20;21;20;21
51:49,2;-23;-20;-20;21;20;21
51:49,2;-23;-20;-20;21;20;21
51:49,2;-23;-20;-20;21;21;20
51:49,2;-23;-20;-19;21;21;20
51:49,2;-23;-20;-19;21;21;21
51:49,2;-23;-20;-19;21;21;21
51:49,2;-23;-20;-19;21;23;21
51:49,3;-23;-20;-19;21;23;21
51:49,3;-23;-20;-19;21;23;21
51:49,3;-23;-20;-19;21;23;21
51:49,3;-23;-20;-19;21;23;23
51:49,3;-23;-14;-19;21;23;23
51:49,3;-23;-14;-19;20;23;23
51:49,3;-21;-16;-19;20;23;23
51:49,3;-21;-16;-19;20;23;23
51:49,3;-21;-16;-19;20;23;23
51:49,3;-21;-16;-19;19;23;23
51:49,4;-20;-16;-18;19;23;23
51:49,4;-20;-16;-18;19;23;23
51:49,4;-20;-20;-18;19;23;23
51:49,4;-20;-20;-18;19;23;23
51:49,4;-20;-20;-18;19;23;23
51:49,4;-20;-20;-18;18;23;23
51:49,4;-20;-20;-17;18;23;23
51:49,4;-20;-20;-17;18;23;23
51:49,4;-19;-20;-17;18;23;23
51:49,4;-19;-20;-17;18;23;23
51:49,5;-19;-20;-17;18;23;23
51:49,5;-19;-20;-17;17;23;23
51:49,5;-19;-20;-17;17;23;23
51:49,5;-19;-20;-17;17;23;23
51:49,5;-19;-20;-17;17;23;23
51:49,5;-19;-20;-17;17;23;23
51:49,5;-18;-20;-15;17;23;23
51:49,5;-18;-20;-15;17;24;23
51:49,5;-19;-21;-17;17;24;23
51:49,5;-19;-21;-17;17;24;23
51:49,6;-19;-21;-17;17;24;23
51:49,6;-19;-21;-17;17;24;23
51:49,6;-19;-20;-17;17;24;23
51:49,6;-19;-20;-17;17;24;23
51:49,6;-18;-20;-17;17;24;23
51:49,6;-18;-20;-17;17;24;23
51:49,6;-19;-21;-15;17;24;23
51:49,6;-19;-21;-15;15;24;21
51:49,6;-19;-20;-18;15;24;21
51:49,6;-19;-20;-18;15;24;18
51:49,7;-18;-20;-17;15;24;18
51:49,7;-18;-20;-17;12;24;18
51:49,7;-18;-20;-17;12;24;18
51:49,7;-18;-20;-17;12;24;18
51:49,7;-18;-20;-17;12;24;18
51:49,7;-18;-19;-18;12;24;18
51:49,7;-18;-19;-18;12;24;17
51:49,7;-19;-20;-17;12;24;17
51:49,7;-19;-20;-17;13;24;17
51:49,7;-19;-20;-17;13;24;17
51:49,8;-19;-20;-17;13;24;17
51:49,8;-20;-20;-17;13;24;17
51:49,8;-20;-20;-17;18;23;23
51:49,8;-20;-20;-17;18;23;23
51:49,8;-20;-20;-17;18;23;23
51:49,8;-19;-20;-17;18;23;23
51:49,8;-19;-20;-17;18;23;23
51:49,8;-18;-20;-18;18;23;23
51:49,8;-18;-20;-18;18;23;23
51:49,8;-19;-19;-18;18;23;23
51:49,9;-19;-19;-18;19;21;23
51:49,9;-19;-19;-18;19;21;23
51:49,9;-19;-19;-18;19;21;23
51:49,9;-18;-20;-18;19;21;23
51:49,9;-18;-20;-18;19;20;23
51:49,9;-18;-19;-19;19;20;23
51:49,9;-18;-19;-19;20;20;23
51:49,9;-18;-20;-19;20;20;23
51:49,9;-18;-20;-19;20;20;23
51:49,9;-17;-20;-19;20;20;23
51:50,0;-17;-20;-19;19;19;21
51:50,0;-17;-20;-19;19;19;21
51:50,0;-17;-20;-19;19;19;21
51:50,0;-17;-20;-19;19;19;21
51:50,0;-17;-20;-19;19;19;21
51:50,0;-17;-21;-19;19;19;21
51:50,0;-17;-21;-19;20;20;20
51:50,0;-17;-20;-19;20;20;20
51:50,0;-17;-20;-19;21;20;20
51:50,0;-17;-20;-19;21;20;20
51:50,1;-17;-20;-19;21;20;20
51:50,1;-17;-20;-20;21;20;20
51:50,1;-17;-20;-20;21;19;19
51:50,1;-17;-20;-19;21;19;19
51:50,1;-17;-20;-19;21;19;19
51:50,1;-17;-21;-20;21;19;19
51:50,1;-17;-21;-20;21;19;19
51:50,1;-17;-21;-20;21;19;19
51:50,1;-17;-21;-20;21;19;19
51:50,1;-18;-20;-20;21;19;19
51:50,2;-18;-20;-20;21;18;20
51:50,2;-18;-21;-20;21;18;20
51:50,2;-18;-21;-20;23;19;19
51:50,2;-18;-21;-20;23;19;19
51:50,2;-18;-21;-20;23;19;19
51:50,2;-18;-21;-20;23;19;19
51:50,2;-18;-21;-20;23;18;20
51:50,2;-18;-20;-20;23;18;20
51:50,2;-18;-20;-20;23;18;19
51:50,2;-18;-21;-20;23;18;19
51:50,3;-18;-21;-20;24;19;18
51:50,3;-18;-21;-20;24;19;18
51:50,3;-18;-21;-20;24;18;18
51:50,3;-18;-20;-20;24;18;18
51:50,3;-18;-20;-20;25;18;18
51:50,3;-18;-20;-21;25;18;18
51:50,3;-18;-20;-21;25;18;18
51:50,3;-18;-21;-23;25;18;18
51:50,3;-18;-21;-23;25;18;18
51:50,3;-18;-21;-23;25;18;18
51:50,4;-18;-21;-23;25;18;19
51:50,4;-19;-23;-21;25;18;19
51:50,4;-19;-23;-21;25;18;19
51:50,4;-19;-23;-21;25;18;19
51:50,4;-19;-23;-21;24;18;18
51:50,4;-20;-21;-18;24;18;18
51:50,4;-20;-21;-18;24;18;19
51:50,4;-19;-21;-16;24;18;19
51:50,4;-19;-21;-16;24;18;19
51:50,4;-20;-21;-17;24;18;19
51:50,5;-20;-21;-17;24;18;19
51:50,5;-20;-21;-17;24;18;19
51:50,5;-20;-21;-17;24;18;19
51:50,5;-19;-21;-18;24;18;19
51:50,5;-19;-21;-18;24;18;19
51:50,5;-19;-21;-24;24;18;19
51:50,5;-19;-21;-24;24;18;19
51:50,5;-19;-21;-24;24;18;19
51:50,5;-19;-21;-24;21;18;19
51:50,5;-20;-21;-25;21;18;19
51:50,6;-20;-21;-25;21;18;19
51:50,6;-19;-21;-24;21;18;19
51:50,6;-19;-21;-24;21;18;19
51:50,6;-20;-21;-25;21;18;19
51:50,6;-20;-21;-25;21;18;18
51:50,6;-20;-21;-24;21;18;18
51:50,6;-20;-21;-24;21;18;18
51:50,6;-20;-20;-25;21;18;18
51:50,6;-20;-20;-25;21;18;18
51:50,6;-20;-20;-25;21;18;18
51:50,7;-20;-20;-25;21;18;19
51:50,7;-20;-20;-24;21;18;19
51:50,7;-20;-20;-24;21;18;19
51:50,7;-20;-20;-24;21;18;19
51:50,7;-20;-20;-24;21;18;20
51:50,7;-20;-21;-24;21;18;20
51:50,7;-20;-21;-24;20;18;19
51:50,7;-21;-20;-24;20;18;19
51:50,7;-21;-20;-24;20;18;19
51:50,7;-21;-21;-23;20;18;19
51:50,8;-21;-21;-23;20;18;19
51:50,8;-21;-20;-21;20;18;19
51:50,8;-21;-20;-21;19;19;20
51:50,8;-21;-20;-21;19;19;20
51:50,8;-21;-20;-21;19;19;20
51:50,8;-21;-20;-21;19;19;20
51:50,8;-21;-20;-21;20;18;20
51:50,8;-21;-20;-21;20;18;20
51:50,8;-21;-20;-21;20;18;20
51:50,8;-17;-20;-20;20;18;20
51:50,9;-17;-20;-20;20;19;20
51:50,9;-18;-20;-20;20;19;20
51:50,9;-18;-20;-20;20;19;20
51:50,9;-19;-20;-19;20;19;20
51:50,9;-19;-20;-19;20;19;20
51:50,9;-19;-20;-19;20;19;20
51:50,9;-19;-20;-19;20;19;21
51:50,9;-19;-20;-18;20;19;21
51:50,9;-19;-20;-18;19;19;20
51:50,9;-24;-20;-17;19;19;20
51:50,9;-24;-20;-17;19;19;20
51:51,0;-24;-20;-17;19;19;20
51:51,0;-24;-20;-17;18;19;21
51:51,0;-25;-19;-17;18;19;21
51:51,0;-25;-19;-17;17;20;21
51:51,0;-25;-19;-17;17;20;21
51:51,0;-25;-19;-17;17;20;21
51:51,0;-25;-19;-17;17;20;21
51:51,0;-25;-19;-17;17;20;20
51:51,0;-25;-19;-17;17;20;20
51:51,0;-25;-19;-17;17;21;21
51:51,1;-24;-20;-17;17;21;21
51:51,1;-24;-20;-17;17;21;21
51:51,1;-24;-20;-17;17;21;21
51:51,1;-24;-20;-17;17;21;21
51:51,1;-24;-20;-17;17;21;21
51:51,1;-24;-20;-17;17;21;21
51:51,1;-23;-20;-17;17;21;21
51:51,1;-23;-20;-17;17;21;21
51:51,1;-24;-19;-17;17;21;21
51:51,2;-24;-19;-17;17;21;21
51:51,2;-23;-19;-17;17;21;21
51:51,2;-23;-19;-17;17;23;21
51:51,2;-23;-19;-17;17;23;21
51:51,2;-23;-19;-17;17;23;21
51:51,2;-23;-19;-17;17;23;21
51:51,2;-23;-19;-17;17;23;20
51:51,2;-23;-19;-17;17;23;20
51:51,2;-23;-19;-17;17;23;21
51:51,2;-21;-19;-15;17;23;21
51:51,3;-21;-19;-15;17;23;21
51:51,3;-21;-18;-15;17;23;21
51:51,3;-21;-18;-15;18;23;21
51:51,3;-21;-19;-17;18;23;21
51:51,3;-21;-19;-17;18;23;20
51:51,3;-21;-18;-17;18;23;20
51:51,3;-21;-18;-17;18;21;20
51:51,3;-21;-19;-18;18;21;20
51:51,3;-21;-19;-18;18;21;20
51:51,4;-21;-19;-18;18;21;20
51:51,4;-21;-19;-18;19;21;20
51:51,4;-21;-19;-18;19;21;20
51:51,4;-21;-19;-18;18;21;19
51:51,4;-21;-19;-18;18;21;19
51:51,4;-21;-19;-18;19;21;19
51:51,4;-21;-19;-18;19;21;19
51:51,4;-21;-19;-18;19;23;19
51:51,4;-21;-19;-19;19;23;19
51:51,4;-21;-19;-19;19;23;19
51:51,4;-21;-19;-19;19;23;19
51:51,5;-21;-19;-19;20;23;19
51:51,5;-21;-19;-19;20;23;19
51:51,5;-21;-19;-19;19;21;18
51:51,5;-21;-20;-19;19;21;18
51:51,5;-21;-20;-19;20;21;18
51:51,5;-21;-19;-19;20;21;18
51:51,5;-21;-19;-19;20;17;19
51:51,5;-21;-20;-19;20;17;19
51:51,5;-21;-20;-19;21;16;18
51:51,5;-21;-19;-20;21;16;18
51:51,6;-21;-19;-20;21;16;18
51:51,6;-21;-19;-20;21;16;18
51:51,6;-21;-19;-20;21;17;18
51:51,6;-21;-19;-20;21;17;18
51:51,6;-21;-19;-20;23;20;18
51:51,6;-21;-19;-20;23;20;18
51:51,6;-21;-19;-20;23;20;18
51:51,6;-21;-20;-21;23;20;18
51:51,6;-21;-20;-21;23;20;18
51:51,6;-23;-20;-21;23;20;18
51:51,6;-23;-20;-21;24;20;18
51:51,7;-20;-20;-23;24;20;18
51:51,7;-20;-20;-23;23;20;17
51:51,7;-20;-20;-23;23;20;17
51:51,7;-20;-20;-23;23;20;17
51:51,7;-20;-21;-23;23;20;17
51:51,7;-20;-21;-23;23;20;18
51:51,7;-19;-20;-21;23;20;18
51:51,7;-19;-20;-21;23;20;18
51:51,7;-18;-20;-21;23;20;18
51:51,8;-18;-20;-21;23;20;18
51:51,8;-18;-20;-21;23;20;18
51:51,8;-18;-20;-21;21;20;19
51:51,8;-18;-20;-21;21;20;19
51:51,8;-18;-20;-21;21;20;19
51:51,8;-17;-20;-23;21;20;19
51:51,8;-17;-20;-23;21;20;18
51:51,8;-17;-20;-23;21;20;18
51:51,8;-17;-20;-23;21;20;19
51:51,8;-17;-20;-23;21;20;19
51:51,9;-17;-20;-23;23;20;19
51:51,9;-18;-20;-23;23;20;19
51:51,9;-18;-20;-23;23;20;18
51:51,9;-17;-20;-23;23;20;18
51:51,9;-17;-20;-23;23;20;18
51:51,9;-17;-20;-23;23;20;18
51:51,9;-17;-20;-23;21;19;20
51:51,9;-18;-21;-23;21;19;20
51:51,9;-18;-21;-23;21;19;19
51:51,9;-17;-20;-23;21;19;19
51:52,0;-17;-20;-23;21;19;19
51:52,0;-18;-21;-23;21;19;19
51:52,0;-18;-21;-23;21;19;19
51:52,0;-18;-21;-23;20;20;20
51:52,0;-18;-21;-24;20;20;20
51:52,0;-18;-21;-24;20;19;20
51:52,0;-17;-21;-24;20;19;20
51:52,0;-17;-21;-24;21;19;19
51:52,0;-17;-21;-24;21;19;19
51:52,0;-17;-21;-24;21;19;19
51:52,0;-18;-23;-24;21;19;19
51:52,1;-18;-23;-24;20;19;20
51:52,1;-18;-23;-24;20;19;20
51:52,1;-18;-23;-24;20;19;20
51:52,1;-18;-21;-24;20;19;20
51:52,1;-18;-21;-24;20;19;20
51:52,1;-18;-21;-24;20;19;20
51:52,1;-18;-21;-24;20;19;21
51:52,1;-18;-21;-24;20;19;21
51:52,1;-18;-21;-24;19;20;21
51:52,2;-18;-17;-24;19;20;21
51:52,2;-18;-17;-24;20;19;20
51:52,2;-18;-17;-24;20;19;20
51:52,2;-18;-17;-24;19;19;21
51:52,2;-18;-19;-24;19;19;21
51:52,2;-18;-19;-24;19;19;21
51:52,2;-18;-18;-24;19;19;21
51:52,2;-18;-18;-24;19;19;21
51:52,2;-18;-18;-24;19;19;21
51:52,2;-18;-18;-24;19;18;21
51:52,3;-19;-23;-24;19;18;21
51:52,3;-19;-23;-24;18;19;23
51:52,3;-19;-21;-23;18;19;23
51:52,3;-19;-21;-23;19;19;23
51:52,3;-19;-21;-23;19;19;23
51:52,3;-19;-21;-23;18;20;24
51:52,3;-18;-23;-23;18;20;24
51:52,3;-18;-23;-23;18;20;24
51:52,3;-18;-23;-23;18;20;24
51:52,3;-18;-23;-23;18;20;23
51:52,4;-20;-23;-21;18;20;23
51:52,4;-20;-23;-21;18;19;24
51:52,4;-20;-23;-21;18;19;24
51:52,4;-20;-23;-21;18;20;24
51:52,4;-20;-23;-21;18;20;24
51:52,4;-20;-23;-21;18;20;24
51:52,4;-19;-23;-21;18;20;24
51:52,4;-19;-23;-21;19;20;25
51:52,4;-19;-23;-21;19;20;25
51:52,4;-19;-23;-21;19;20;25
51:52,5;-20;-23;-20;19;20;25
51:52,5;-20;-23;-20;18;21;24
51:52,5;-20;-21;-21;18;21;24
51:52,5;-20;-21;-21;18;21;24
51:52,5;-20;-21;-20;18;21;24
51:52,5;-20;-21;-20;18;20;23
51:52,5;-20;-21;-20;18;20;23
51:52,5;-20;-21;-20;18;20;23
51:52,5;-21;-20;-21;18;20;23
51:52,5;-21;-20;-21;17;21;18
51:52,6;-21;-20;-21;17;21;18
51:52,6;-21;-20;-21;13;21;18
51:52,6;-21;-21;-20;13;21;18
51:52,6;-21;-21;-20;14;21;19
51:52,6;-21;-20;-20;14;21;19
51:52,6;-21;-20;-20;16;23;19
51:52,6;-23;-20;-20;16;23;19
51:52,6;-23;-20;-20;16;23;24
51:52,6;-23;-20;-19;16;23;24
51:52,6;-23;-20;-19;16;23;24
51:52,7;-24;-19;-19;16;23;24
51:52,7;-24;-19;-19;19;23;23
51:52,7;-24;-19;-19;19;23;23
51:52,7;-24;-19;-19;19;23;24
51:52,7;-24;-20;-18;19;23;24
51:52,7;-24;-20;-18;19;23;24
51:52,7;-24;-19;-18;19;23;24
51:52,7;-24;-19;-18;19;23;24
51:52,7;-25;-19;-17;19;23;24
51:52,7;-25;-19;-17;19;24;24
51:52,7;-25;-19;-17;19;24;24
51:52,8;-25;-19;-17;20;24;24
51:52,8;-24;-20;-17;20;24;24
51:52,8;-24;-20;-17;19;24;24
51:52,8;-24;-19;-17;19;24;24
51:52,8;-24;-19;-17;20;24;23
51:52,8;-24;-19;-17;20;24;23
51:52,8;-24;-19;-17;19;24;21
51:52,8;-24;-18;-17;19;24;21
51:52,8;-24;-18;-17;20;23;21
51:52,9;-24;-19;-17;20;23;21
51:52,9;-24;-19;-17;20;23;20
51:52,9;-24;-18;-17;20;23;20
51:52,9;-24;-18;-17;20;23;20
51:52,9;-24;-19;-17;20;23;20
51:52,9;-24;-19;-17;20;23;20
51:52,9;-24;-19;-17;20;23;20
51:52,9;-24;-19;-17;21;23;21
51:52,9;-24;-19;-17;21;23;21
51:52,9;-24;-19;-17;21;21;19
51:53,0;-23;-18;-17;21;21;19
51:53,0;-23;-18;-17;21;21;19
51:53,0;-23;-18;-17;21;21;19
51:53,0;-23;-18;-17;24;21;19
51:53,0;-23;-18;-15;24;21;19
51:53,0;-23;-18;-15;24;21;19
51:53,0;-23;-19;-15;24;21;19
51:53,0;-23;-19;-15;24;20;18
51:53,0;-23;-19;-15;24;20;18
51:53,0;-23;-19;-15;25;21;18
51:53,1;-21;-19;-17;25;21;18
51:53,1;-21;-19;-17;26;21;19
51:53,1;-21;-20;-17;26;21;19
51:53,1;-21;-20;-17;26;20;18
51:53,1;-20;-19;-15;26;20;18
51:53,1;-20;-19;-15;26;21;18
51:53,1;-20;-19;-18;26;21;18
51:53,1;-20;-19;-18;26;21;18
51:53,1;-20;-19;-18;26;21;18
51:53,1;-20;-19;-18;26;20;18
51:53,2;-20;-19;-15;26;20;18
51:53,2;-20;-19;-15;27;21;17
51:53,2;-20;-19;-18;27;21;17
51:53,2;-20;-19;-18;27;21;17
51:53,2;-20;-19;-18;27;21;17
51:53,2;-20;-19;-18;27;20;17
51:53,2;-19;-19;-17;27;20;17
51:53,2;-19;-19;-17;27;20;18
51:53,2;-19;-19;-17;27;20;18
51:53,2;-19;-19;-17;27;20;18
51:53,3;-19;-20;-18;27;20;18
51:53,3;-19;-20;-18;26;19;18
51:53,3;-18;-19;-18;26;19;18
51:53,3;-18;-19;-18;24;19;18
51:53,3;-18;-20;-17;24;19;18
51:53,3;-18;-20;-17;24;19;18
51:53,3;-18;-20;-13;24;19;18
51:53,3;-18;-20;-13;24;19;17
51:53,3;-18;-20;-13;24;19;17
51:53,3;-18;-20;-13;21;19;18
51:53,4;-18;-19;-14;21;19;18
51:53,4;-18;-19;-14;20;19;18
51:53,4;-17;-19;-14;20;19;18
51:53,4;-17;-19;-14;20;18;18
51:53,4;-17;-19;-14;20;18;18
51:53,4;-17;-19;-14;19;19;19
51:53,4;-15;-20;-20;19;19;19
51:53,4;-15;-20;-20;19;19;19
51:53,4;-15;-20;-20;19;19;19
51:53,4;-15;-20;-20;18;19;19
51:53,4;-17;-20;-20;18;19;19
51:53,5;-17;-20;-20;19;18;19
51:53,5;-17;-20;-20;19;18;19
51:53,5;-17;-20;-20;19;18;19
51:53,5;-17;-20;-21;19;18;19
51:53,5;-17;-20;-21;19;17;18
51:53,5;-17;-20;-21;19;17;18
51:53,5;-17;-20;-21;19;17;19
51:53,5;-17;-20;-21;19;17;19
51:53,5;-17;-20;-21;18;17;19
51:53,6;-17;-20;-21;18;17;19
51:53,6;-17;-20;-21;18;17;19
51:53,6;-17;-20;-21;18;17;19
51:53,6;-17;-20;-21;18;18;18
51:53,6;-17;-21;-21;18;18;18
51:53,6;-17;-21;-21;18;18;20
51:53,6;-17;-20;-21;18;18;20
51:53,6;-17;-20;-21;17;19;19
51:53,6;-17;-21;-21;17;19;19
51:53,6;-17;-21;-21;17;19;19
51:53,6;-17;-20;-23;17;19;19
51:53,7;-17;-20;-23;18;18;20
51:53,7;-13;-20;-21;18;18;20
51:53,7;-13;-20;-21;18;18;20
51:53,7;-14;-21;-21;18;18;20
51:53,7;-14;-21;-21;17;18;19
51:53,7;-13;-21;-21;17;18;19
51:53,7;-13;-21;-21;18;18;20
51:53,7;-13;-21;-21;18;18;20
51:53,7;-13;-21;-21;18;18;20
51:53,8;-14;-21;-21;18;18;20
51:53,8;-14;-21;-21;17;18;20
51:53,8;-18;-21;-23;17;18;20
51:53,8;-18;-21;-23;17;18;20
51:53,8;-18;-21;-23;17;18;20
51:53,8;-18;-21;-23;17;18;21
51:53,8;-18;-21;-24;17;18;21
51:53,8;-18;-21;-24;17;18;21
51:53,8;-19;-21;-24;17;18;21
51:53,8;-19;-21;-24;17;17;20
51:53,9;-19;-21;-24;17;17;20
51:53,9;-19;-21;-24;17;18;21
51:53,9;-19;-23;-24;17;18;21
51:53,9;-19;-23;-24;17;18;21
51:53,9;-20;-21;-24;17;18;21
51:53,9;-20;-21;-24;17;18;21
51:53,9;-20;-21;-24;17;18;21
51:53,9;-20;-21;-24;17;19;20
51:53,9;-20;-21;-24;17;19;20
51:53,9;-20;-21;-24;17;19;21
51:54,0;-19;-21;-24;17;19;21
51:54,0;-19;-21;-24;17;19;21
51:54,0;-20;-21;-24;17;19;21
51:54,0;-20;-21;-24;17;19;21
51:54,0;-19;-21;-25;17;19;21
51:54,0;-19;-21;-25;17;19;20
51:54,0;-19;-21;-24;17;19;20
51:54,0;-19;-21;-24;17;19;21
51:54,0;-20;-21;-24;17;19;21
51:54,0;-20;-21;-24;17;19;21
51:54,1;-20;-20;-25;17;19;21
51:54,1;-20;-20;-25;17;18;21
51:54,1;-20;-20;-25;17;18;21
51:54,1;-20;-20;-25;17;19;21
51:54,1;-21;-21;-24;17;19;21
51:54,1;-21;-21;-24;17;19;21
51:54,1;-23;-20;-24;17;19;21
51:54,1;-23;-20;-24;17;19;21
51:54,1;-23;-20;-24;17;19;21
51:54,1;-23;-20;-24;17;19;21
51:54,1;-23;-20;-24;17;19;21
51:54,2;-23;-20;-24;17;19;21
51:54,2;-23;-20;-24;18;19;20
51:54,2;-23;-20;-23;18;19;20
51:54,2;-23;-20;-23;18;20;21
51:54,2;-23;-20;-23;18;20;21
51:54,2;-23;-20;-23;18;20;21
51:54,2;-23;-20;-23;18;20;21
51:54,2;-23;-20;-23;18;19;21
51:54,2;-24;-20;-21;18;19;21
51:54,3;-24;-20;-21;19;20;21
51:54,3;-25;-20;-21;19;20;21
51:54,3;-25;-20;-21;19;20;21
51:54,3;-25;-20;-21;19;20;21
51:54,3;-25;-20;-21;20;19;20
51:54,3;-25;-20;-20;20;19;20
51:54,3;-25;-20;-20;20;19;20
51:54,3;-26;-21;-20;20;19;20
51:54,3;-26;-21;-20;20;20;20
51:54,3;-26;-20;-20;20;20;20
51:54,4;-26;-20;-20;21;20;20
51:54,4;-26;-19;-20;21;20;20
51:54,4;-26;-19;-20;21;20;20
51:54,4;-25;-20;-20;21;20;20
51:54,4;-25;-20;-20;21;20;19
51:54,4;-25;-19;-20;21;20;19
51:54,4;-25;-19;-20;23;17;20
51:54,4;-25;-19;-20;23;17;20
51:54,4;-25;-19;-20;23;17;20
51:54,4;-25;-20;-19;23;17;20
51:54,5;-25;-20;-19;23;17;20
51:54,5;-25;-20;-19;23;17;20
51:54,5;-25;-20;-19;23;18;20
51:54,5;-26;-20;-18;23;18;20
51:54,5;-26;-20;-18;23;23;20
51:54,5;-25;-20;-18;23;23;20
51:54,5;-25;-20;-18;23;23;20
51:54,5;-25;-20;-18;23;23;20
51:54,5;-25;-20;-18;24;23;19
51:54,5;-25;-19;-18;24;23;19
51:54,6;-25;-19;-18;24;23;20
51:54,6;-25;-19;-18;24;23;20
51:54,6;-25;-19;-18;24;23;20
51:54,6;-23;-19;-17;24;23;20
51:54,6;-23;-19;-17;24;23;20
51:54,6;-23;-19;-17;24;23;20
51:54,6;-23;-19;-17;25;23;19
51:54,6;-21;-19;-18;25;23;19
51:54,6;-21;-19;-18;24;24;19
51:54,6;-21;-19;-18;24;24;19
51:54,7;-21;-19;-18;24;24;19
51:54,7;-21;-19;-18;24;24;19
51:54,7;-21;-19;-18;25;24;19
51:54,7;-21;-19;-18;25;24;19
51:54,7;-21;-19;-18;25;24;19
51:54,7;-21;-19;-18;25;24;19
51:54,7;-21;-19;-18;24;24;19
51:54,7;-20;-19;-18;24;24;19
51:54,7;-20;-19;-18;24;23;20
51:54,7;-20;-19;-18;24;23;20
51:54,8;-20;-19;-18;24;23;19
51:54,8;-20;-19;-18;24;23;19
51:54,8;-20;-19;-18;23;23;19
51:54,8;-20;-20;-18;23;23;19
51:54,8;-20;-20;-18;23;23;19
51:54,8;-20;-20;-18;23;23;19
51:54,8;-20;-20;-18;23;23;19
51:54,8;-19;-19;-18;23;23;19
51:54,8;-19;-19;-18;21;23;19
51:54,8;-20;-20;-18;21;23;19
51:54,8;-20;-20;-18;21;23;19
51:54,9;-19;-19;-18;21;23;19
51:54,9;-19;-19;-18;20;23;19
51:54,9;-19;-20;-19;20;23;19
51:54,9;-19;-20;-19;20;21;19
51:54,9;-19;-20;-18;20;21;19
51:54,9;-19;-20;-18;20;21;19
51:54,9;-19;-20;-18;20;21;19
51:54,9;-19;-20;-18;20;21;19
51:54,9;-19;-20;-19;20;21;19
51:55,0;-19;-20;-19;20;20;20
51:55,0;-19;-20;-19;20;20;20
51:55,0;-19;-20;-19;20;19;19
51:55,0;-18;-20;-20;20;19;19
51:55,0;-18;-20;-20;20;19;19
51:55,0;-19;-16;-20;20;19;19
51:55,0;-19;-16;-20;20;19;19
51:55,0;-19;-17;-20;20;19;19
51:55,0;-19;-17;-20;20;19;19
51:55,0;-19;-17;-20;20;19;19
51:55,1;-19;-17;-20;19;19;20
51:55,1;-18;-17;-20;19;19;20
51:55,1;-18;-17;-20;18;20;19
51:55,1;-18;-17;-20;18;20;19
51:55,1;-18;-17;-20;19;19;20
51:55,1;-18;-17;-20;19;19;20
51:55,1;-18;-17;-20;18;19;20
51:55,1;-17;-21;-20;18;19;20
51:55,1;-17;-21;-20;18;19;20
51:55,1;-17;-20;-20;18;19;20
51:55,2;-17;-20;-20;18;19;20
51:55,2;-17;-21;-20;18;19;20
51:55,2;-17;-21;-20;19;18;21
51:55,2;-17;-21;-20;19;18;21
51:55,2;-17;-21;-20;18;19;21
51:55,2;-17;-21;-19;18;19;21
51:55,2;-17;-21;-19;18;19;20
51:55,2;-15;-21;-20;18;19;20
51:55,2;-15;-21;-20;18;19;21
51:55,2;-15;-23;-20;18;19;21
51:55,3;-15;-23;-20;17;19;21
51:55,3;-15;-23;-20;17;19;21
51:55,3;-15;-23;-20;17;19;21
51:55,3;-15;-23;-20;17;19;21
51:55,3;-15;-23;-20;17;19;21
51:55,3;-14;-23;-21;17;19;21
51:55,3;-14;-23;-21;17;19;23
51:55,3;-17;-23;-20;17;19;23
51:55,3;-17;-23;-20;15;20;23
51:55,3;-17;-23;-20;15;20;23
51:55,4;-17;-23;-20;15;20;21
51:55,4;-17;-23;-21;15;20;21
51:55,4;-17;-23;-21;15;20;23
51:55,4;-15;-21;-21;15;20;23
51:55,4;-15;-21;-21;15;20;23
51:55,4;-15;-21;-23;15;20;23
51:55,4;-15;-21;-23;15;20;18
51:55,4;-15;-21;-23;15;20;18
51:55,4;-15;-21;-23;13;20;18
51:55,5;-17;-20;-21;13;20;18
51:55,5;-17;-20;-21;13;20;18
51:55,5;-18;-21;-23;13;20;18
51:55,5;-18;-21;-23;13;20;18
51:55,5;-17;-21;-21;13;20;18
51:55,5;-17;-21;-21;14;20;23
51:55,5;-17;-21;-21;14;20;23
51:55,5;-17;-21;-21;14;20;23
51:55,5;-18;-21;-21;14;20;23
51:55,5;-18;-21;-21;18;20;23
51:55,5;-17;-20;-21;18;20;23
51:55,5;-17;-20;-21;18;20;23
51:55,6;-18;-21;-21;18;20;23
51:55,6;-18;-21;-21;18;15;23
51:55,6;-18;-21;-21;18;15;23
51:55,6;-18;-21;-21;18;15;23
51:55,6;-18;-21;-23;18;15;23
51:55,6;-18;-21;-23;18;7;23
51:55,6;-19;-20;-23;18;7;23
51:55,6;-19;-20;-23;18;7;23
51:55,6;-19;-21;-23;18;7;23
51:55,7;-19;-21;-23;19;2;21
51:55,7;-18;-20;-23;19;2;21
51:55,7;-18;-20;-23;19;2;21
51:55,7;-18;-20;-23;19;2;21
51:55,7;-18;-20;-23;19;1;21
51:55,7;-19;-20;-21;19;1;21
51:55,7;-19;-20;-21;18;1;21
51:55,7;-18;-20;-21;18;1;21
51:55,7;-18;-20;-21;19;0;21
51:55,7;-20;-20;-21;19;0;21
51:55,8;-20;-20;-21;20;0;20
51:55,8;-20;-20;-21;20;0;20
51:55,8;-20;-20;-21;20;0;21
51:55,8;-20;-20;-21;20;0;21
51:55,8;-20;-20;-21;21;0;21
51:55,8;-21;-20;-23;21;0;21
51:55,8;-21;-20;-23;23;0;21
51:55,8;-21;-20;-23;23;0;21
51:55,8;-21;-20;-23;23;0;20
51:55,8;-21;-20;-23;23;0;20
51:55,9;-21;-20;-23;23;1;21
51:55,9;-21;-19;-23;23;1;21
51:55,9;-21;-19;-23;24;1;20
51:55,9;-23;-20;-23;24;1;20
51:55,9;-23;-20;-23;24;1;20
51:55,9;-23;-20;-23;24;1;20
51:55,9;-23;-20;-23;25;2;20
51:55,9;-23;-20;-21;25;2;20
51:55,9;-23;-20;-21;25;2;20
51:55,9;-23;-20;-21;25;2;20
51:56,0;-23;-20;-21;27;3;19
51:56,0;-23;-20;-21;27;3;19
51:56,0;-23;-20;-21;29;2;19
51:56,0;-23;-19;-20;29;2;19
51:56,0;-23;-19;-20;29;4;19
51:56,0;-23;-19;-20;29;4;19
51:56,0;-23;-19;-20;31;4;19
51:56,0;-23;-19;-19;31;4;19
51:56,0;-23;-19;-19;31;3;20
51:56,0;-23;-19;-19;31;3;20
51:56,1;-23;-19;-19;31;3;20
51:56,1;-23;-19;-16;31;3;20
51:56,1;-23;-19;-16;31;3;19
51:56,1;-23;-19;-16;31;3;19
51:56,1;-23;-19;-16;32;3;19
51:56,1;-24;-19;-14;32;3;19
51:56,1;-24;-19;-14;31;3;20
51:56,1;-24;-19;-14;31;3;20
51:56,1;-24;-19;-14;31;3;20
51:56,1;-25;-19;-14;31;3;20
51:56,1;-25;-19;-14;30;3;19
51:56,2;-25;-19;-14;30;3;19
51:56,2;-25;-19;-14;30;4;19
51:56,2;-24;-19;-18;30;4;19
51:56,2;-24;-19;-18;29;4;19
51:56,2;-24;-19;-18;29;4;19
51:56,2;-24;-19;-18;26;3;19
51:56,2;-24;-19;-17;26;3;19
51:56,2;-24;-19;-17;26;3;19
51:56,2;-23;-19;-18;26;3;19
51:56,3;-23;-19;-18;25;4;19
51:56,3;-23;-19;-17;25;4;19
51:56,3;-23;-19;-17;23;3;20
51:56,3;-23;-19;-18;23;3;20
51:56,3;-23;-19;-18;19;3;20
51:56,3;-23;-19;-18;19;3;20
51:56,3;-23;-19;-18;19;3;20
51:56,3;-23;-19;-18;19;3;20
51:56,3;-23;-19;-18;17;4;20
51:56,3;-21;-19;-17;17;4;20
51:56,4;-21;-19;-17;17;4;20
51:56,4;-20;-18;-15;17;4;20
51:56,4;-20;-18;-15;17;5;19
51:56,4;-20;-19;-15;17;5;19
51:56,4;-20;-19;-15;17;6;20
51:56,4;-20;-19;-15;17;6;20
51:56,4;-20;-19;-15;17;6;20
51:56,4;-20;-18;-15;17;6;20
51:56,4;-20;-18;-15;15;9;20
51:56,5;-20;-19;-17;15;9;20
51:56,5;-20;-19;-17;15;9;20
51:56,5;-20;-19;-17;15;9;20
51:56,5;-20;-19;-17;15;13;20
51:56,5;-20;-20;-17;15;13;20
51:56,5;-20;-20;-17;15;13;20
51:56,5;-16;-20;-18;15;13;20
51:56,5;-16;-20;-18;15;14;19
51:56,5;-16;-19;-17;15;14;19
51:56,5;-16;-19;-17;15;14;19
51:56,5;-16;-19;-17;15;14;20
51:56,6;-16;-19;-18;15;14;20
51:56,6;-16;-19;-18;17;17;20
51:56,6;-16;-19;-18;17;17;20
51:56,6;-16;-19;-18;17;17;20
51:56,6;-16;-19;-17;17;17;20
51:56,6;-16;-19;-17;17;18;20
51:56,6;-20;-20;-17;17;18;20
51:56,6;-20;-20;-17;17;18;20
51:56,6;-20;-20;-17;17;18;20
51:56,6;-20;-20;-17;17;18;20
51:56,7;-19;-20;-17;17;18;20
51:56,7;-19;-20;-17;15;17;19
51:56,7;-19;-20;-17;15;17;19
51:56,7;-19;-20;-17;15;17;19
51:56,7;-20;-20;-18;15;17;19
51:56,7;-20;-20;-18;15;15;19
51:56,7;-20;-20;-17;15;15;19
51:56,7;-20;-20;-17;15;14;19
51:56,7;-20;-20;-17;15;14;19
51:56,7;-20;-20;-17;15;14;19
51:56,8;-20;-20;-18;15;14;19
51:56,8;-20;-20;-18;17;13;20
51:56,8;-20;-20;-18;17;13;20
51:56,8;-20;-20;-18;17;13;20
51:56,8;-20;-20;-18;17;13;20
51:56,8;-20;-20;-18;17;14;19
51:56,8;-20;-20;-19;17;14;19
51:56,8;-20;-20;-19;17;15;19
51:56,8;-20;-20;-19;17;15;19
51:56,8;-20;-20;-19;17;17;18
51:56,9;-19;-20;-19;17;17;18
51:56,9;-19;-20;-19;17;17;18
51:56,9;-19;-20;-20;17;17;18
51:56,9;-19;-20;-20;15;18;18
51:56,9;-19;-21;-20;15;18;18
51:56,9;-19;-21;-20;15;18;18
51:56,9;-19;-21;-20;15;18;18
51:56,9;-19;-21;-20;15;18;19
51:56,9;-19;-20;-20;15;18;19
51:56,9;-19;-20;-20;15;18;19
51:56,9;-19;-20;-20;15;18;19
51:57,0;-19;-20;-20;17;17;19
51:57,0;-18;-19;-21;17;17;19
51:57,0;-18;-19;-21;17;17;19
51:57,0;-19;-20;-20;17;17;19
51:57,0;-19;-20;-20;17;17;18
51:57,0;-19;-20;-20;17;17;18
51:57,0;-19;-20;-20;17;17;18
51:57,0;-18;-20;-21;17;17;18
51:57,0;-18;-20;-21;17;18;19
51:57,1;-18;-21;-21;17;18;19
51:57,1;-18;-21;-21;17;18;19
51:57,1;-18;-21;-21;17;18;19
51:57,1;-18;-21;-21;17;18;19
51:57,1;-18;-21;-23;17;18;19
51:57,1;-18;-21;-23;17;18;19
51:57,1;-17;-21;-23;17;18;19
51:57,1;-17;-21;-23;17;18;19
51:57,1;-18;-21;-21;17;18;19
51:57,1;-18;-21;-21;18;17;19
51:57,2;-18;-21;-23;18;17;19
51:57,2;-18;-21;-23;18;17;19
51:57,2;-19;-21;-21;18;17;19
51:57,2;-19;-21;-21;18;15;18
51:57,2;-19;-21;-21;18;15;18
51:57,2;-19;-21;-21;18;15;18
51:57,2;-18;-21;-24;18;15;18
51:57,2;-18;-21;-24;19;15;19
51:57,2;-19;-21;-23;19;15;19
51:57,2;-19;-21;-23;19;15;18
51:57,3;-19;-21;-23;19;15;18
51:57,3;-19;-21;-23;20;14;19
51:57,3;-19;-21;-25;20;14;19
51:57,3;-19;-21;-25;20;14;19
51:57,3;-19;-21;-25;20;14;19
51:57,3;-19;-21;-25;20;14;19
51:57,3;-19;-20;-24;20;14;19
51:57,3;-19;-20;-24;21;15;19
51:57,3;-20;-21;-25;21;15;19
51:57,3;-20;-21;-25;20;17;19
51:57,4;-20;-21;-25;20;17;19
51:57,4;-20;-21;-25;20;17;19
51:57,4;-20;-21;-25;20;17;19
51:57,4;-20;-21;-25;20;17;18
51:57,4;-20;-21;-26;20;17;18
51:57,4;-20;-21;-26;21;17;19
51:57,4;-20;-21;-26;21;17;19
51:57,4;-20;-21;-26;21;17;19
51:57,4;-20;-21;-26;21;17;19
51:57,4;-20;-21;-26;21;17;18
51:57,5;-21;-20;-26;21;17;18
51:57,5;-21;-20;-26;23;15;20
51:57,5;-21;-20;-26;23;15;20
51:57,5;-21;-20;-26;23;15;20
51:57,5;-21;-20;-26;23;15;20
51:57,5;-21;-20;-26;23;15;19
51:57,5;-21;-20;-26;23;15;19
51:57,5;-21;-20;-26;23;15;20
51:57,5;-21;-20;-26;23;15;20
51:57,5;-21;-20;-26;23;15;20
51:57,5;-23;-21;-25;23;15;20
51:57,6;-23;-21;-25;24;15;19
51:57,6;-23;-21;-25;24;15;19
51:57,6;-23;-21;-25;24;15;19
51:57,6;-23;-20;-25;24;15;19
51:57,6;-23;-20;-25;24;14;20
51:57,6;-24;-21;-24;24;14;20
51:57,6;-24;-21;-24;24;12;20
51:57,6;-24;-21;-24;24;12;20
51:57,6;-24;-21;-24;24;12;20
51:57,7;-23;-20;-23;24;12;20
51:57,7;-23;-20;-23;24;12;21
51:57,7;-24;-20;-24;24;12;21
51:57,7;-24;-20;-24;23;11;20
51:57,7;-24;-20;-23;23;11;20
51:57,7;-24;-20;-23;24;11;21
51:57,7;-24;-20;-23;24;11;21
51:57,7;-24;-20;-23;24;9;21
51:57,7;-24;-20;-21;24;9;21
51:57,7;-24;-20;-21;24;9;21
51:57,8;-23;-20;-20;24;9;21
51:57,8;-23;-20;-20;24;8;23
51:57,8;-23;-20;-21;24;8;23
51:57,8;-23;-20;-21;24;8;23
51:57,8;-23;-20;-20;24;8;23
51:57,8;-23;-20;-20;23;8;20
51:57,8;-23;-20;-20;23;8;20
51:57,8;-23;-20;-20;24;9;21
51:57,8;-23;-16;-19;24;9;21
51:57,8;-23;-16;-19;24;9;21
51:57,9;-23;-16;-19;24;9;21
51:57,9;-23;-16;-19;23;12;21
51:57,9;-23;-17;-19;23;12;21
51:57,9;-23;-17;-19;23;12;21
51:57,9;-23;-16;-18;23;12;21
51:57,9;-23;-16;-18;21;13;23
51:57,9;-21;-17;-19;21;13;23
51:57,9;-21;-17;-19;20;13;23
51:57,9;-21;-20;-18;20;13;23
51:57,9;-21;-20;-18;20;13;23
51:58,0;-21;-19;-18;20;13;23
51:58,0;-21;-19;-18;21;13;24
51:58,0;-21;-19;-18;21;13;24
51:58,0;-21;-19;-18;20;13;24
51:58,0;-20;-20;-18;20;13;24
51:58,0;-20;-20;-18;19;13;24
51:58,0;-20;-20;-17;19;13;24
51:58,0;-20;-20;-17;19;13;24
51:58,0;-20;-20;-17;19;13;24
51:58,0;-20;-20;-17;19;13;24
51:58,1;-19;-20;-17;19;13;24
51:58,1;-19;-20;-17;18;13;23
51:58,1;-19;-20;-17;18;13;23
51:58,1;-19;-20;-17;18;14;23
51:58,1;-19;-20;-17;18;14;23
51:58,1;-19;-20;-17;18;14;23
51:58,1;-20;-20;-17;18;14;23
51:58,1;-20;-20;-17;18;14;23
51:58,1;-19;-20;-17;18;14;23
51:58,1;-19;-20;-17;17;17;23
51:58,2;-19;-20;-15;17;17;23
51:58,2;-19;-20;-15;18;17;23
51:58,2;-19;-20;-15;18;17;23
51:58,2;-19;-20;-15;18;17;23
51:58,2;-19;-20;-15;18;17;23
51:58,2;-19;-20;-15;17;17;23
51:58,2;-18;-20;-15;17;17;23
51:58,2;-18;-20;-15;17;17;23
51:58,2;-19;-20;-15;17;17;23
51:58,2;-19;-20;-15;17;14;18
51:58,3;-19;-20;-18;17;14;18
51:58,3;-19;-20;-18;15;14;18
51:58,3;-19;-20;-18;15;14;18
51:58,3;-19;-20;-18;12;13;18
51:58,3;-20;-20;-18;12;13;18
51:58,3;-20;-20;-18;13;12;18
51:58,3;-20;-20;-18;13;12;18
51:58,3;-20;-20;-18;13;12;18
51:58,3;-19;-20;-18;13;12;18
51:58,3;-19;-20;-18;13;12;23
51:58,4;-19;-21;-18;13;12;23
51:58,4;-19;-21;-18;13;11;21
51:58,4;-19;-20;-18;13;11;21
51:58,4;-19;-20;-18;13;11;21
51:58,4;-19;-20;-18;13;11;21
51:58,4;-19;-20;-18;17;13;21
51:58,4;-19;-20;-18;17;13;21
51:58,4;-19;-20;-18;17;14;21
51:58,4;-19;-20;-18;17;14;21
51:58,4;-19;-20;-18;18;17;21
51:58,5;-19;-20;-18;18;17;21
51:58,5;-19;-20;-18;18;19;21
51:58,5;-18;-19;-18;18;19;21
51:58,5;-18;-19;-18;18;19;20
51:58,5;-19;-19;-18;18;19;20
51:58,5;-19;-19;-18;19;24;20
51:58,5;-19;-19;-18;19;24;20
51:58,5;-19;-19;-18;18;31;20
51:58,5;-18;-20;-18;18;31;20
51:58,5;-18;-20;-18;19;38;21
51:58,6;-18;-20;-19;19;38;21
51:58,6;-18;-20;-19;19;49;20
51:58,6;-18;-20;-19;19;49;20
51:58,6;-18;-20;-19;19;49;20
51:58,6;-17;-21;-20;19;49;20
51:58,6;-17;-21;-20;20;53;21
51:58,6;-17;-21;-20;20;53;21
51:58,6;-17;-21;-20;20;55;21
51:58,6;-17;-20;-19;20;55;21
51:58,6;-17;-20;-19;20;55;20
51:58,7;-17;-21;-19;20;55;20
51:58,7;-17;-21;-19;20;55;19
51:58,7;-17;-21;-19;20;55;19
51:58,7;-17;-21;-19;21;55;19
51:58,7;-17;-20;-19;21;55;19
51:58,7;-17;-20;-19;21;55;19
51:58,7;-17;-20;-19;21;55;19
51:58,7;-17;-21;-19;21;55;19
51:58,7;-17;-21;-19;21;56;19
51:58,7;-17;-21;-19;21;56;19
51:58,8;-17;-21;-19;21;55;19
51:58,8;-18;-21;-19;21;55;19
51:58,8;-18;-21;-19;21;55;19
51:58,8;-18;-21;-19;21;55;19
51:58,8;-18;-21;-19;23;54;18
51:58,8;-18;-21;-20;23;54;18
51:58,8;-18;-21;-20;23;54;19
51:58,8;-18;-21;-20;23;54;19
51:58,8;-18;-21;-20;24;53;18
51:58,8;-19;-21;-20;24;53;18
51:58,9;-19;-21;-20;25;52;19
51:58,9;-18;-21;-20;25;52;19
51:58,9;-18;-21;-20;25;52;19
51:58,9;-18;-21;-21;25;52;19
51:58,9;-18;-21;-21;25;50;19
51:58,9;-19;-21;-21;25;50;19
51:58,9;-19;-21;-21;25;49;19
51:58,9;-19;-21;-21;25;49;19
51:58,9;-19;-21;-21;25;49;19
51:58,9;-18;-21;-23;25;49;19
51:58,9;-18;-21;-23;25;49;19
51:59,0;-19;-21;-23;25;49;19
51:59,0;-19;-21;-23;24;47;18
51:59,0;-19;-21;-23;24;47;18
51:59,0;-19;-21;-23;23;44;18
51:59,0;-19;-21;-23;23;44;18
51:59,0;-19;-21;-23;23;44;18
51:59,0;-18;-21;-18;23;44;18
51:59,0;-18;-21;-18;23;41;19
51:59,0;-19;-21;-18;23;41;19
51:59,1;-19;-21;-18;23;41;19
51:59,1;-19;-21;-18;23;41;19
51:59,1;-19;-21;-18;23;39;18
51:59,1;-19;-21;-18;23;39;18
51:59,1;-19;-21;-18;23;39;19
51:59,1;-19;-21;-18;23;39;19
51:59,1;-19;-21;-18;23;35;19
51:59,1;-20;-21;-24;23;35;19
51:59,1;-20;-21;-24;23;35;19
51:59,1;-19;-20;-24;23;35;19
51:59,2;-19;-20;-24;23;33;19
51:59,2;-20;-20;-24;23;33;19
51:59,2;-20;-20;-24;23;33;19
51:59,2;-20;-21;-24;23;33;19
51:59,2;-20;-21;-24;21;29;19
51:59,2;-19;-20;-24;21;29;19
51:59,2;-19;-20;-24;21;27;20
51:59,2;-19;-20;-24;21;27;20
51:59,2;-19;-20;-24;23;26;19
51:59,2;-20;-21;-24;23;26;19
51:59,3;-20;-21;-24;23;26;19
51:59,3;-20;-21;-24;23;26;19
51:59,3;-20;-21;-24;21;21;20
51:59,3;-21;-21;-24;21;21;20
51:59,3;-21;-21;-24;21;21;20
51:59,3;-21;-21;-23;21;21;20
51:59,3;-21;-21;-23;21;21;20
51:59,3;-21;-21;-23;21;21;20
51:59,3;-21;-21;-23;20;17;21
51:59,3;-21;-20;-23;20;17;21
51:59,4;-21;-20;-23;19;17;20
51:59,4;-21;-20;-23;19;17;20
51:59,4;-21;-20;-23;20;15;20
51:59,4;-20;-20;-23;20;15;20
51:59,4;-20;-20;-23;20;15;20
51:59,4;-20;-20;-23;20;15;20
51:59,4;-20;-20;-23;20;13;21
51:59,4;-21;-21;-21;20;13;21
51:59,4;-21;-21;-21;20;12;21
51:59,4;-17;-20;-20;20;12;21
51:59,5;-17;-20;-20;20;11;21
51:59,5;-18;-21;-21;20;11;21
51:59,5;-18;-21;-21;20;9;21
51:59,5;-19;-20;-20;20;9;21
51:59,5;-19;-20;-20;19;8;21
51:59,5;-19;-20;-19;19;8;21
51:59,5;-19;-20;-19;19;7;21
51:59,5;-24;-20;-18;19;7;21
51:59,5;-24;-20;-18;19;6;20
51:59,5;-24;-19;-17;19;6;20
51:59,6;-24;-19;-17;19;6;20
51:59,6;-24;-19;-17;19;6;20
51:59,6;-24;-19;-17;19;5;21
51:59,6;-24;-20;-17;19;5;21
51:59,6;-24;-20;-17;19;5;21
51:59,6;-24;-19;-17;19;5;21
51:59,6;-24;-19;-17;18;6;21
51:59,6;-24;-19;-17;18;6;21
51:59,6;-24;-19;-17;19;6;21
51:59,6;-25;-19;-17;19;6;21
51:59,7;-25;-19;-17;18;8;23
51:59,7;-24;-18;-17;18;8;23
51:59,7;-24;-18;-17;18;8;23
51:59,7;-24;-19;-17;18;8;23
51:59,7;-24;-19;-17;18;9;21
51:59,7;-24;-19;-17;18;9;21
51:59,7;-24;-19;-17;17;11;21
51:59,7;-23;-19;-17;17;11;21
51:59,7;-23;-19;-17;18;11;21
51:59,7;-23;-19;-15;18;11;21
51:59,8;-23;-19;-15;18;11;21
51:59,8;-23;-19;-15;18;11;21
51:59,8;-23;-19;-15;18;13;20
51:59,8;-23;-19;-15;18;13;20
51:59,8;-23;-19;-15;18;13;20
51:59,8;-23;-19;-15;18;13;20
51:59,8;-23;-19;-15;18;13;20
51:59,8;-23;-19;-15;18;13;20
51:59,8;-23;-19;-15;17;15;20
51:59,8;-23;-18;-15;17;15;20
51:59,9;-23;-18;-15;17;15;20
51:59,9;-21;-18;-17;17;15;20
51:59,9;-21;-18;-17;17;14;20
51:59,9;-21;-19;-17;17;14;20
51:59,9;-21;-19;-17;17;15;20
51:59,9;-21;-19;-17;17;15;20
51:59,9;-21;-19;-17;17;15;20
51:59,9;-21;-19;-18;17;15;20
51:59,9;-21;-19;-18;17;15;19
51:59,9;-21;-19;-17;17;15;19
52:00,0;-21;-19;-17;18;18;19
52:00,0;-21;-19;-17;18;18;19
52:00,0;-21;-19;-17;18;18;19
52:00,0;-21;-19;-18;18;18;19
52:00,0;-21;-19;-18;18;19;18
52:00,0;-21;-18;-19;18;19;18
52:00,0;-21;-18;-19;18;19;18
52:00,0;-21;-19;-18;18;19;18
52:00,0;-21;-19;-18;19;19;18
52:00,0;-21;-19;-18;19;19;18
52:00,1;-21;-19;-18;18;19;18
52:00,1;-23;-19;-19;18;19;18
52:00,1;-23;-19;-19;19;20;18
52:00,1;-21;-19;-19;19;20;18
52:00,1;-21;-19;-19;20;20;18
52:00,1;-21;-19;-19;20;20;18
52:00,1;-21;-19;-19;20;20;18
52:00,1;-21;-19;-19;20;20;18
52:00,1;-21;-19;-19;20;20;18
52:00,1;-21;-19;-19;20;20;18
52:00,1;-21;-19;-19;20;21;18
52:00,2;-21;-19;-20;20;21;18
52:00,2;-21;-19;-20;21;20;18
52:00,2;-20;-19;-20;21;20;18
52:00,2;-20;-19;-20;21;20;18
52:00,2;-21;-19;-20;21;20;18
52:00,2;-21;-19;-20;21;21;18
52:00,2;-21;-20;-20;21;21;18
52:00,2;-21;-20;-20;21;21;18
52:00,2;-21;-19;-21;21;21;18
52:00,3;-21;-19;-21;23;21;18
52:00,3;-21;-19;-20;23;21;18
52:00,3;-21;-19;-20;23;21;18
52:00,3;-21;-20;-21;23;21;18
52:00,3;-21;-20;-21;23;23;18
52:00,3;-21;-20;-21;23;23;18
52:00,3;-21;-20;-21;23;23;18
52:00,3;-20;-20;-21;23;23;18
52:00,3;-20;-20;-21;23;23;18
52:00,3;-19;-20;-21;23;23;18
52:00,3;-19;-20;-21;23;21;19
52:00,4;-19;-21;-23;23;21;19
52:00,4;-19;-21;-23;23;23;18
52:00,4;-19;-21;-23;23;23;18
52:00,4;-19;-21;-23;23;23;18
52:00,4;-18;-20;-23;23;23;18
52:00,4;-18;-20;-23;23;21;19
52:00,4;-18;-21;-24;23;21;19
52:00,4;-18;-21;-24;23;23;19
52:00,4;-18;-21;-24;23;23;19
52:00,5;-18;-21;-24;23;23;19
52:00,5;-17;-21;-24;23;23;19
52:00,5;-17;-21;-24;23;23;19
52:00,5;-17;-21;-24;23;23;19
52:00,5;-17;-21;-24;23;23;19
52:00,5;-17;-21;-24;23;23;19
52:00,5;-17;-21;-24;23;21;19
52:00,5;-17;-21;-23;23;21;19
52:00,5;-17;-21;-23;23;21;19
52:00,6;-17;-21;-23;23;21;19
52:00,6;-17;-21;-23;23;23;20
52:00,6;-17;-21;-23;23;23;20
52:00,6;-17;-21;-23;23;23;20
52:00,6;-17;-21;-23;23;23;20
52:00,6;-17;-21;-23;21;21;20
52:00,6;-17;-23;-23;21;21;20
52:00,6;-17;-23;-23;21;21;20
52:00,6;-18;-23;-23;21;21;20
52:00,6;-18;-23;-23;20;21;20
52:00,6;-17;-21;-23;20;21;20
52:00,7;-17;-21;-23;20;21;20
52:00,7;-17;-21;-23;20;21;20
52:00,7;-17;-21;-23;20;17;20
52:00,7;-18;-17;-24;20;17;20
52:00,7;-18;-17;-24;20;17;21
52:00,7;-18;-17;-24;20;17;21
52:00,7;-18;-17;-24;20;17;21
52:00,7;-17;-17;-24;20;17;21
52:00,7;-17;-17;-24;20;17;21
52:00,7;-17;-17;-24;20;17;21
52:00,8;-17;-17;-24;20;17;21
52:00,8;-18;-18;-24;20;17;21
52:00,8;-18;-18;-24;20;21;21
52:00,8;-18;-23;-23;20;21;21
52:00,8;-18;-23;-23;19;21;21
52:00,8;-18;-23;-23;19;21;21
52:00,8;-18;-23;-23;19;21;21
52:00,8;-18;-23;-24;19;21;21
52:00,8;-18;-23;-24;19;20;21
52:00,8;-19;-23;-24;19;20;21
52:00,8;-19;-23;-24;19;21;23
52:00,9;-18;-24;-24;19;21;23
52:00,9;-18;-24;-24;19;21;23
52:00,9;-18;-24;-24;19;21;23
52:00,9;-18;-24;-24;18;20;24
52:00,9;-19;-24;-21;18;20;24
52:00,9;-19;-24;-21;18;20;24
52:00,9;-18;-24;-21;18;20;24
52:00,9;-18;-24;-21;18;20;23
52:00,9;-18;-24;-21;18;20;23
52:01,0;-18;-24;-21;18;20;24
52:01,0;-19;-23;-21;18;20;24
52:01,0;-19;-23;-21;18;20;24
52:01,0;-19;-23;-21;18;20;24
52:01,0;-19;-23;-21;18;20;24
52:01,0;-19;-23;-21;18;20;24
52:01,0;-19;-21;-21;18;20;24
52:01,0;-19;-21;-21;18;20;24
52:01,0;-20;-21;-21;18;20;24
52:01,0;-20;-21;-21;17;20;24
52:01,1;-20;-21;-21;17;20;24
52:01,1;-20;-21;-21;17;20;24
52:01,1;-20;-21;-20;17;20;24
52:01,1;-20;-21;-20;18;20;24
52:01,1;-20;-21;-20;18;20;24
52:01,1;-20;-21;-20;18;20;18
52:01,1;-21;-21;-20;18;20;18
52:01,1;-21;-21;-20;18;20;18
52:01,1;-21;-21;-19;18;20;18
52:01,1;-21;-21;-19;18;19;18
52:01,1;-21;-20;-20;18;19;18
52:01,2;-21;-20;-20;18;20;18
52:01,2;-21;-20;-20;18;20;18
52:01,2;-21;-20;-20;14;19;18
52:01,2;-23;-19;-19;14;19;18
52:01,2;-23;-19;-19;13;20;18
52:01,2;-23;-20;-19;13;20;18
52:01,2;-23;-20;-19;14;19;23
52:01,2;-23;-20;-19;14;19;23
52:01,2;-23;-20;-19;14;19;23
52:01,3;-23;-19;-19;14;19;23
52:01,3;-23;-19;-19;14;19;23
52:01,3;-23;-19;-19;14;19;23
52:01,3;-23;-19;-19;19;20;23
52:01,3;-23;-19;-19;19;20;23
52:01,3;-23;-19;-19;19;19;23
52:01,3;-24;-19;-18;19;19;23
52:01,3;-24;-19;-18;20;20;23
52:01,3;-25;-19;-18;20;20;23
52:01,3;-25;-19;-18;20;20;23
52:01,4;-24;-18;-18;20;20;23
52:01,4;-24;-18;-18;20;19;23
52:01,4;-24;-18;-18;20;19;23
52:01,4;-24;-18;-18;21;19;23
52:01,4;-25;-19;-18;21;19;23
52:01,4;-25;-19;-18;21;19;23
52:01,4;-24;-18;-17;21;19;23
52:01,4;-24;-18;-17;21;20;21
52:01,4;-24;-18;-18;21;20;21
52:01,4;-24;-18;-18;21;19;21
52:01,5;-23;-18;-18;21;19;21
52:01,5;-23;-18;-18;23;20;21
52:01,5;-25;-18;-17;23;20;21
52:01,5;-25;-18;-17;24;19;20
52:01,5;-24;-18;-17;24;19;20
52:01,5;-24;-18;-17;24;19;20
52:01,5;-24;-18;-17;24;19;20
52:01,5;-24;-18;-17;25;20;20
52:01,5;-23;-18;-15;25;20;20
52:01,5;-23;-18;-15;25;19;19
52:01,6;-21;-19;-15;25;19;19
52:01,6;-21;-19;-15;25;19;19
52:01,6;-21;-19;-15;25;19;19
52:01,6;-21;-19;-15;25;20;19
52:01,6;-21;-18;-17;25;20;19
52:01,6;-21;-18;-17;25;20;19
52:01,6;-21;-19;-18;25;20;19
52:01,6;-21;-19;-18;25;20;19
52:01,6;-21;-19;-18;25;20;19
52:01,6;-21;-19;-18;25;20;18
52:01,7;-21;-18;-18;25;20;18
52:01,7;-21;-18;-18;25;20;19
52:01,7;-21;-18;-18;25;20;19
52:01,7;-21;-18;-18;25;20;18
52:01,7;-20;-19;-18;25;20;18
52:01,7;-20;-19;-18;25;20;18
52:01,7;-20;-19;-18;25;20;18
52:01,7;-20;-19;-18;26;21;18
52:01,7;-21;-19;-17;26;21;18
52:01,7;-21;-19;-17;25;23;18
52:01,8;-20;-19;-17;25;23;18
52:01,8;-20;-19;-17;25;21;18
52:01,8;-20;-19;-17;25;21;18
52:01,8;-20;-19;-17;25;21;18
52:01,8;-19;-18;-17;25;21;18
52:01,8;-19;-18;-17;24;21;19
52:01,8;-20;-19;-17;24;21;19
52:01,8;-20;-19;-17;24;21;19
52:01,8;-20;-19;-17;24;21;19
52:01,8;-20;-19;-17;24;21;19
52:01,9;-18;-19;-17;24;21;19
52:01,9;-18;-19;-17;21;21;18
52:01,9;-19;-20;-18;21;21;18
52:01,9;-19;-20;-18;21;21;18
52:01,9;-18;-20;-14;21;21;18
52:01,9;-18;-20;-14;21;21;19
52:01,9;-18;-20;-14;21;21;19
52:01,9;-18;-20;-14;21;21;18
52:01,9;-18;-20;-16;21;21;18
52:01,9;-18;-20;-16;21;21;18
52:02,0;-18;-20;-16;21;21;18
52:02,0;-18;-20;-16;21;23;19
52:02,0;-17;-20;-16;21;23;19
52:02,0;-17;-20;-16;20;23;18
52:02,0;-17;-20;-20;20;23;18
52:02,0;-17;-20;-20;20;21;18
52:02,0;-17;-20;-20;20;21;18
52:02,0;-17;-20;-20;20;23;19
52:02,0;-17;-20;-20;20;23;19
52:02,0;-17;-20;-20;20;23;19
52:02,1;-17;-20;-20;20;23;19
52:02,1;-17;-20;-20;19;23;19
52:02,1;-15;-21;-20;19;23;19
52:02,1;-15;-21;-20;19;23;19
52:02,1;-15;-21;-20;19;23;19
52:02,1;-15;-21;-20;19;23;19
52:02,1;-15;-20;-19;19;23;19
52:02,1;-15;-20;-19;19;23;19
52:02,1;-15;-21;-20;19;23;19
52:02,1;-15;-21;-20;18;23;20
52:02,2;-15;-21;-19;18;23;20
52:02,2;-15;-21;-19;19;21;19
52:02,2;-18;-20;-19;19;21;19
52:02,2;-18;-20;-19;19;21;19
52:02,2;-18;-20;-19;19;21;19
52:02,2;-18;-20;-19;19;23;19
52:02,2;-18;-21;-20;19;23;19
52:02,2;-18;-21;-20;18;21;20
52:02,2;-18;-21;-20;18;21;20
52:02,2;-18;-21;-20;18;21;19
52:02,3;-18;-21;-20;18;21;19
52:02,3;-18;-21;-20;18;21;19
52:02,3;-13;-21;-21;18;21;19
52:02,3;-13;-21;-21;18;20;20
52:02,3;-13;-23;-21;18;20;20
52:02,3;-13;-23;-21;18;20;20
52:02,3;-13;-23;-21;18;20;20
52:02,3;-13;-23;-21;18;21;21
52:02,3;-13;-21;-20;18;21;21
52:02,3;-13;-21;-20;18;21;21
52:02,4;-14;-21;-23;18;21;21
52:02,4;-14;-21;-23;18;20;20
52:02,4;-14;-21;-23;18;20;20
52:02,4;-14;-21;-23;17;20;20
52:02,4;-18;-23;-23;17;20;20
52:02,4;-18;-23;-23;17;21;21
52:02,4;-19;-21;-24;17;21;21
52:02,4;-19;-21;-24;17;20;20
52:02,4;-19;-21;-23;17;20;20
52:02,4;-19;-21;-23;17;20;20
52:02,5;-19;-21;-23;17;20;20
52:02,5;-19;-21;-23;17;20;21
52:02,5;-19;-21;-23;17;20;21
52:02,5;-19;-21;-23;17;20;20
52:02,5;-20;-21;-24;17;20;20
52:02,5;-20;-21;-24;17;19;20
52:02,5;-20;-21;-24;17;19;20
52:02,6;-20;-21;-24;17;19;21
52:02,6;-19;-23;-24;17;19;21
52:02,6;-19;-23;-24;17;19;21
52:02,6;-20;-21;-24;17;19;21
52:02,6;-20;-21;-24;17;19;20
52:02,6;-19;-21;-24;17;19;20
52:02,6;-19;-21;-24;17;19;21
52:02,6;-19;-20;-23;17;19;21
52:02,6;-19;-20;-23;17;20;21
52:02,6;-19;-20;-23;17;20;21
52:02,6;-19;-20;-23;17;19;20
52:02,6;-20;-20;-24;17;19;20
52:02,6;-20;-20;-24;17;20;20
52:02,7;-20;-20;-24;17;20;20
52:02,7;-20;-20;-24;17;20;21
52:02,7;-20;-21;-24;17;20;21
52:02,7;-20;-21;-24;17;19;20
52:02,7;-21;-21;-24;17;19;20
52:02,7;-21;-21;-24;17;18;20
52:02,8;-21;-21;-24;17;18;20
52:02,8;-21;-21;-24;17;18;20
52:02,8;-21;-20;-23;17;18;20
52:02,8;-21;-20;-23;17;18;20
52:02,8;-21;-20;-24;17;18;20
52:02,8;-21;-20;-24;17;19;20
52:02,8;-23;-20;-24;17;19;20
52:02,8;-23;-20;-24;17;18;20
52:02,8;-23;-20;-24;17;18;20
52:02,8;-23;-20;-24;17;18;20
52:02,8;-23;-20;-24;17;18;20
52:02,8;-23;-20;-24;18;18;20
52:02,8;-24;-19;-23;18;18;20
52:02,8;-24;-19;-23;18;18;20
52:02,9;-24;-19;-23;18;18;20
52:02,9;-24;-19;-23;18;18;20
52:02,9;-25;-20;-23;18;18;20
52:02,9;-25;-20;-23;19;18;20
52:02,9;-25;-20;-23;19;18;20
52:02,9;-25;-20;-23;19;18;20
52:02,9;-26;-19;-21;19;18;20
52:02,9;-26;-19;-21;20;18;20
52:02,9;-25;-20;-21;20;18;20
52:02,9;-25;-20;-21;19;18;20
52:03,0;-25;-20;-20;19;18;20
52:03,0;-25;-20;-20;20;18;20
52:03,0;-26;-19;-19;20;18;20
52:03,0;-26;-19;-19;20;18;20
52:03,0;-26;-20;-19;20;18;20
52:03,0;-26;-20;-19;21;19;19
52:03,0;-26;-20;-19;21;19;19
52:03,0;-26;-20;-19;21;18;20
52:03,0;-26;-19;-19;21;18;20
52:03,0;-26;-19;-19;24;19;19
52:03,1;-25;-19;-19;24;19;19
52:03,1;-25;-19;-19;24;19;20
52:03,1;-26;-19;-18;24;19;20
52:03,1;-26;-19;-18;25;19;19
52:03,1;-25;-20;-18;25;19;19
52:03,1;-25;-20;-18;25;19;19
52:03,1;-24;-19;-19;25;19;19
52:03,1;-24;-19;-19;25;19;19
52:03,1;-24;-20;-18;25;19;19
52:03,1;-24;-20;-18;25;19;20
52:03,2;-23;-19;-18;25;19;20
52:03,2;-23;-19;-18;26;19;19
52:03,2;-23;-19;-18;26;19;19
52:03,2;-23;-19;-18;26;19;19
52:03,2;-23;-18;-18;26;19;19
52:03,2;-23;-18;-18;25;19;20
52:03,2;-23;-19;-17;25;19;20
52:03,2;-23;-19;-17;26;20;19
52:03,2;-23;-19;-18;26;20;19
52:03,2;-23;-19;-18;25;20;19
52:03,3;-21;-19;-18;25;20;19
52:03,3;-21;-19;-18;25;20;19
52:03,3;-21;-19;-18;25;20;19
52:03,3;-21;-19;-18;25;19;19
52:03,3;-21;-20;-19;25;19;19
52:03,3;-21;-20;-19;25;19;19
52:03,3;-20;-20;-18;25;19;19
52:03,3;-20;-20;-18;25;19;19
52:03,3;-20;-20;-18;24;18;19
52:03,3;-20;-20;-18;24;18;19
52:03,4;-20;-20;-18;23;18;19
52:03,4;-19;-20;-19;23;18;19
52:03,4;-19;-20;-19;21;18;19
52:03,4;-19;-20;-19;21;18;19
52:03,4;-19;-20;-19;21;18;19
52:03,4;-19;-20;-18;21;18;19
52:03,4;-19;-20;-18;21;19;19
52:03,4;-19;-20;-18;21;19;19
52:03,4;-19;-20;-18;20;19;19
52:03,4;-18;-19;-18;20;19;19
52:03,5;-18;-19;-18;21;19;20
52:03,5;-19;-20;-18;21;19;20
52:03,5;-19;-20;-18;21;19;20
52:03,5;-18;-21;-18;21;19;20
52:03,5;-18;-21;-18;20;20;19
52:03,5;-18;-20;-18;20;20;19
52:03,5;-18;-20;-18;20;19;20
52:03,5;-18;-20;-18;20;19;20
52:03,5;-18;-20;-18;20;20;19
52:03,5;-18;-17;-19;20;20;19
52:03,6;-18;-17;-19;20;19;20
52:03,6;-19;-17;-18;20;19;20
52:03,6;-19;-17;-18;19;16;20
52:03,6;-19;-17;-18;19;16;20
52:03,6;-19;-17;-18;19;16;20
52:03,6;-19;-17;-19;19;16;20
52:03,6;-19;-17;-19;20;16;20
52:03,6;-19;-17;-19;20;16;20
52:03,6;-19;-17;-19;19;17;20
52:03,6;-18;-17;-19;19;17;20
52:03,7;-18;-17;-19;19;17;20
52:03,7;-18;-21;-20;19;17;20
52:03,7;-18;-21;-20;20;21;20
52:03,7;-18;-21;-20;20;21;20
52:03,7;-18;-21;-20;19;21;21
52:03,7;-18;-21;-20;19;21;21
52:03,7;-18;-21;-20;18;23;21
52:03,7;-18;-21;-20;18;23;21
52:03,7;-18;-21;-20;19;23;21
52:03,7;-18;-21;-20;19;23;21
52:03,8;-18;-21;-20;18;23;21
52:03,8;-17;-21;-20;18;23;21
52:03,8;-17;-21;-20;18;23;21
52:03,8;-17;-21;-21;18;23;21
52:03,8;-17;-21;-21;18;23;21
52:03,8;-17;-21;-21;18;23;21
52:03,8;-17;-21;-21;18;23;23
52:03,8;-15;-23;-20;18;23;23
52:03,8;-15;-23;-20;17;23;23
52:03,8;-15;-23;-20;17;23;23
52:03,9;-15;-23;-20;17;23;21
52:03,9;-15;-23;-21;17;23;21
52:03,9;-15;-23;-21;17;23;21
52:03,9;-15;-23;-21;17;23;21
52:03,9;-15;-23;-21;17;23;23
52:03,9;-15;-21;-21;17;23;23
52:03,9;-15;-21;-21;15;23;23
52:03,9;-15;-21;-21;15;23;23
52:03,9;-15;-21;-21;17;23;23
52:03,9;-17;-21;-21;17;23;23
52:04,0;-17;-21;-21;15;23;18
52:04,0;-18;-21;-21;15;23;18
52:04,0;-18;-21;-21;15;23;18
52:04,0;-17;-21;-21;15;23;18
52:04,0;-17;-21;-21;17;23;17
52:04,0;-17;-21;-21;17;23;17
52:04,0;-17;-21;-21;17;23;17
52:04,0;-17;-21;-21;17;23;17
52:04,0;-17;-21;-21;17;23;17
52:04,0;-17;-21;-21;17;23;17
52:04,1;-17;-21;-21;12;23;18
52:04,1;-15;-21;-21;12;23;18
52:04,1;-15;-21;-21;13;23;23
52:04,1;-17;-21;-21;13;23;23
52:04,1;-17;-21;-21;13;23;23
52:04,1;-17;-20;-23;13;23;23
52:04,1;-17;-20;-23;13;21;23
52:04,1;-18;-21;-21;13;21;23
52:04,1;-18;-21;-21;17;20;23
52:04,1;-18;-21;-21;17;20;23
52:04,1;-18;-21;-21;18;20;23
52:04,2;-18;-21;-21;18;20;23
52:04,2;-18;-21;-21;18;20;23
52:04,2;-18;-20;-21;18;20;23
52:04,2;-18;-20;-21;18;20;23
52:04,2;-19;-20;-23;18;20;23
52:04,2;-19;-20;-23;19;20;23
52:04,2;-19;-20;-23;19;20;23
52:04,2;-19;-20;-23;19;20;23
52:04,2;-18;-19;-23;19;20;23
52:04,2;-18;-19;-23;19;20;23
52:04,3;-18;-19;-23;19;20;23
52:04,3;-18;-19;-23;18;20;23
52:04,3;-19;-20;-23;18;20;23
52:04,3;-19;-20;-23;19;19;21
52:04,3;-19;-20;-23;19;19;21
52:04,3;-19;-20;-23;19;20;21
52:04,3;-19;-20;-23;19;20;21
52:04,3;-19;-20;-23;19;19;21
52:04,3;-20;-20;-23;19;19;21
52:04,4;-20;-20;-23;19;19;21
52:04,4;-20;-20;-23;19;19;21
52:04,4;-20;-20;-23;20;19;21
52:04,4;-19;-20;-23;20;19;21
52:04,4;-19;-20;-23;20;19;21
52:04,4;-20;-20;-23;20;19;21
52:04,4;-20;-20;-23;20;19;21
52:04,4;-21;-19;-23;20;19;21
52:04,4;-21;-19;-23;20;19;21
52:04,4;-21;-19;-23;20;19;21
52:04,5;-21;-19;-23;23;20;20
52:04,5;-20;-20;-23;23;20;20
52:04,5;-20;-20;-23;23;19;20
52:04,5;-21;-19;-21;23;19;20
52:04,5;-21;-19;-21;24;19;20
52:04,5;-21;-20;-21;24;19;20
52:04,5;-21;-20;-21;25;19;20
52:04,5;-21;-20;-21;25;19;20
52:04,5;-21;-20;-21;26;19;20
52:04,5;-23;-20;-20;26;19;20
52:04,6;-23;-20;-20;26;19;20
52:04,6;-23;-20;-20;26;19;20
52:04,6;-23;-20;-20;27;20;20
52:04,6;-23;-20;-20;27;20;20
52:04,6;-23;-20;-20;29;20;20
52:04,6;-23;-20;-20;29;20;20
52:04,6;-23;-20;-20;29;20;20
52:04,6;-24;-20;-19;29;20;20
52:04,6;-24;-20;-19;30;20;19
52:04,6;-24;-20;-20;30;20;19
52:04,7;-24;-20;-20;31;20;19
52:04,7;-24;-19;-19;31;20;19
52:04,7;-24;-19;-19;31;20;19
52:04,7;-24;-19;-20;31;20;19
52:04,7;-24;-19;-20;32;20;19
52:04,7;-24;-19;-16;32;20;19
52:04,7;-24;-19;-16;32;20;19
52:04,7;-24;-19;-16;32;20;19
52:04,7;-24;-19;-16;32;21;19
52:04,7;-25;-20;-16;32;21;19
52:04,8;-25;-20;-16;31;20;20
52:04,8;-26;-19;-14;31;20;20
52:04,8;-26;-19;-14;31;21;20
52:04,8;-25;-19;-18;31;21;20
52:04,8;-25;-19;-18;31;21;20
52:04,8;-25;-19;-18;31;21;20
52:04,8;-25;-19;-18;30;20;19
52:04,8;-25;-19;-18;30;20;19
52:04,8;-25;-19;-18;29;21;20
52:04,8;-24;-19;-17;29;21;20
52:04,9;-24;-19;-17;25;20;20
52:04,9;-23;-19;-17;25;20;20
52:04,9;-23;-19;-17;25;20;20
52:04,9;-23;-19;-17;25;20;20
52:04,9;-23;-19;-17;24;20;19
52:04,9;-23;-19;-17;24;20;19
52:04,9;-23;-19;-17;23;21;20
52:04,9;-23;-18;-17;23;21;20
52:04,9;-23;-18;-17;21;20;20
52:04,9;-23;-19;-17;21;20;20
52:05,0;-23;-19;-17;20;20;19
52:05,0;-21;-20;-17;20;20;19
52:05,0;-21;-20;-17;18;20;20
52:05,0;-21;-20;-17;18;20;20
52:05,0;-21;-20;-17;17;20;20
52:05,0;-21;-19;-17;17;20;20
52:05,0;-21;-19;-17;17;20;19
52:05,0;-21;-19;-15;17;20;19
52:05,0;-21;-19;-15;17;20;19
52:05,0;-19;-20;-15;17;20;19
52:05,0;-19;-20;-15;15;21;19
52:05,1;-19;-20;-15;15;21;19
52:05,1;-19;-20;-15;15;21;20
52:05,1;-20;-19;-15;15;21;20
52:05,1;-20;-19;-15;15;20;19
52:05,1;-19;-20;-15;15;20;19
52:05,1;-19;-20;-15;15;20;19
52:05,1;-14;-20;-17;15;20;19
52:05,1;-14;-20;-17;14;21;19
52:05,1;-14;-20;-17;14;21;19
52:05,1;-14;-20;-17;15;20;19
52:05,2;-16;-19;-17;15;20;19
52:05,2;-16;-19;-17;15;20;19
52:05,2;-14;-20;-17;15;20;19
52:05,2;-14;-20;-17;15;20;19
52:05,2;-19;-20;-18;15;20;19
52:05,2;-19;-20;-18;17;21;20
52:05,2;-19;-20;-18;17;21;20
52:05,2;-19;-20;-18;17;21;20
52:05,2;-20;-20;-18;17;21;20
52:05,3;-20;-20;-18;17;20;19
52:05,3;-20;-20;-18;17;20;19
52:05,3;-20;-20;-18;15;21;19
52:05,3;-20;-20;-18;15;21;19
52:05,3;-20;-20;-18;15;20;19
52:05,3;-21;-20;-18;15;20;19
52:05,3;-21;-20;-18;15;20;18
52:05,3;-21;-20;-18;15;20;18
52:05,3;-21;-20;-18;15;20;18
52:05,3;-20;-21;-18;15;20;18
52:05,4;-20;-21;-18;17;20;19
52:05,4;-20;-21;-18;17;20;19
52:05,4;-20;-21;-18;17;21;19
52:05,4;-20;-20;-19;17;21;19
52:05,4;-20;-20;-19;17;21;19
52:05,4;-20;-19;-18;17;21;19
52:05,4;-20;-19;-18;17;21;19
52:05,4;-19;-20;-19;17;21;19
52:05,4;-19;-20;-19;15;20;19
52:05,4;-19;-19;-19;15;20;19
52:05,5;-19;-19;-19;15;20;19
52:05,5;-19;-19;-19;15;20;19
52:05,5;-19;-19;-19;15;21;19
52:05,5;-20;-20;-19;15;21;19
52:05,5;-20;-20;-19;15;20;19
52:05,5;-19;-20;-20;15;20;19
52:05,5;-19;-20;-20;15;20;19
52:05,5;-20;-20;-19;15;20;19
52:05,5;-20;-20;-19;17;21;18
52:05,5;-19;-20;-20;17;21;18
52:05,6;-19;-20;-20;17;21;18
52:05,6;-19;-21;-20;17;21;18
52:05,6;-19;-21;-20;17;20;18
52:05,6;-19;-20;-20;17;20;18
52:05,6;-19;-20;-20;17;20;18
52:05,6;-19;-20;-20;17;20;18
52:05,6;-18;-21;-20;17;20;18
52:05,6;-18;-21;-20;17;21;19
52:05,6;-18;-21;-20;17;21;19
52:05,7;-18;-21;-20;17;20;19
52:05,7;-19;-20;-21;17;20;19
52:05,7;-19;-20;-21;17;20;19
52:05,7;-18;-20;-21;17;20;19
52:05,7;-18;-20;-21;17;20;19
52:05,7;-18;-20;-21;17;20;19
52:05,7;-18;-20;-21;17;20;19
52:05,7;-18;-20;-21;17;20;19
52:05,7;-18;-20;-21;17;20;19
52:05,7;-18;-21;-23;17;20;19
52:05,7;-18;-21;-23;18;20;19
52:05,7;-18;-21;-23;18;20;19
52:05,8;-18;-21;-23;17;20;19
52:05,8;-17;-21;-23;17;20;19
52:05,8;-17;-21;-23;18;20;19
52:05,8;-18;-21;-21;18;20;19
52:05,8;-18;-21;-21;18;20;19
52:05,8;-18;-21;-24;18;20;19
52:05,8;-18;-21;-24;18;20;18
52:05,8;-18;-20;-23;18;20;18
52:05,8;-18;-20;-23;18;20;19
52:05,9;-19;-20;-24;18;20;19
52:05,9;-19;-20;-24;19;20;19
52:05,9;-19;-21;-25;19;20;19
52:05,9;-19;-21;-25;19;19;19
52:05,9;-19;-21;-25;19;19;19
52:05,9;-19;-21;-25;19;19;19
52:05,9;-19;-20;-25;19;19;19
52:05,9;-19;-20;-25;20;18;20
52:05,9;-19;-20;-25;20;18;20
52:05,9;-19;-20;-25;20;19;19
52:06,0;-20;-21;-26;20;19;19
52:06,0;-20;-21;-26;21;18;19
52:06,0;-19;-20;-25;21;18;19
52:06,0;-19;-20;-25;21;19;19
52:06,0;-20;-21;-25;21;19;19
52:06,0;-20;-21;-25;21;19;19
52:06,0;-20;-21;-25;21;19;19
52:06,0;-20;-21;-25;21;19;19
52:06,0;-20;-21;-25;21;19;19
52:06,0;-20;-21;-25;23;19;20
52:06,1;-21;-21;-25;23;19;20
52:06,1;-21;-21;-25;23;19;19
52:06,1;-21;-21;-26;23;19;19
52:06,1;-21;-21;-26;23;19;19
52:06,1;-21;-21;-26;23;19;19
52:06,1;-21;-21;-26;21;19;20
52:06,1;-21;-21;-26;21;19;20
52:06,1;-21;-21;-26;21;17;20
52:06,1;-21;-20;-25;21;17;20
52:06,1;-21;-20;-25;23;18;20
52:06,2;-21;-20;-25;23;18;20
52:06,2;-21;-20;-25;23;18;20
52:06,2;-23;-20;-25;23;18;20
52:06,2;-23;-20;-25;23;18;21
52:06,2;-23;-20;-25;23;18;21
52:06,2;-23;-20;-25;24;17;20
52:06,2;-24;-20;-25;24;17;20
52:06,2;-24;-20;-25;24;17;20
52:06,2;-23;-20;-25;24;17;20
52:06,2;-23;-20;-25;24;18;21
52:06,3;-23;-20;-25;24;18;21
52:06,3;-23;-20;-25;24;18;20
52:06,3;-24;-20;-24;24;18;20
52:06,3;-24;-20;-24;24;18;20
52:06,3;-24;-20;-24;24;18;20
52:06,3;-24;-20;-24;24;18;21
52:06,3;-23;-20;-23;24;18;21
52:06,3;-23;-20;-23;24;18;21
52:06,3;-24;-20;-23;24;18;21
52:06,3;-24;-20;-23;23;18;23
52:06,4;-23;-16;-21;23;18;23
52:06,4;-23;-16;-21;23;18;23
52:06,4;-23;-17;-21;23;18;23
52:06,4;-23;-17;-21;23;18;21
52:06,4;-23;-16;-20;23;18;21
52:06,4;-23;-16;-20;24;14;21
52:06,4;-23;-16;-20;24;14;21
52:06,4;-23;-16;-20;24;14;21
52:06,4;-23;-16;-20;24;14;21
52:06,4;-23;-16;-20;23;14;21
52:06,5;-23;-17;-19;23;14;21
52:06,5;-23;-17;-19;23;13;21
52:06,5;-23;-20;-19;23;13;21
52:06,5;-23;-20;-19;23;14;24
52:06,5;-23;-20;-19;23;14;24
52:06,5;-23;-20;-19;23;14;24
52:06,5;-23;-21;-19;23;14;24
52:06,5;-23;-21;-19;21;19;24
52:06,5;-21;-20;-18;21;19;24
52:06,5;-21;-20;-18;21;19;24
52:06,6;-21;-20;-18;21;19;24
52:06,6;-21;-20;-18;20;20;24
52:06,6;-21;-21;-17;20;20;24
52:06,6;-21;-21;-17;20;20;24
52:06,6;-21;-21;-17;20;20;24
52:06,6;-21;-21;-17;20;21;24
52:06,6;-19;-21;-17;20;21;24
52:06,6;-19;-21;-17;20;21;24
52:06,6;-20;-21;-17;20;21;24
52:06,6;-20;-21;-17;20;21;24
52:06,7;-20;-21;-17;20;21;24
52:06,7;-20;-21;-17;20;21;24
52:06,7;-19;-20;-17;20;21;24
52:06,7;-19;-20;-17;19;21;24
52:06,7;-19;-21;-15;19;21;24
52:06,7;-19;-21;-15;18;21;24
52:06,7;-20;-21;-17;18;21;24
52:06,7;-20;-21;-17;18;20;23
52:06,7;-19;-20;-18;18;20;23
52:06,7;-19;-20;-18;17;20;21
52:06,8;-19;-20;-18;17;20;21
52:06,8;-19;-20;-18;17;20;21
52:06,8;-19;-21;-17;17;20;21
52:06,8;-19;-21;-17;17;21;17
52:06,8;-19;-20;-18;17;21;17
52:06,8;-19;-20;-18;17;21;16
52:06,8;-19;-20;-17;17;21;16
52:06,8;-19;-20;-17;17;21;16
52:06,8;-19;-19;-17;17;21;16
52:06,8;-19;-19;-17;17;23;16
52:06,9;-19;-20;-15;17;23;16
52:06,9;-19;-20;-15;18;21;17
52:06,9;-19;-20;-17;18;21;17
52:06,9;-19;-20;-17;17;21;17
52:06,9;-19;-20;-15;17;21;17
52:06,9;-19;-20;-15;13;21;21
52:06,9;-19;-20;-17;13;21;21
52:06,9;-19;-20;-17;13;21;21
52:06,9;-19;-20;-18;13;21;21
52:06,9;-19;-20;-18;13;21;21
52:07,0;-20;-19;-18;13;21;21
52:07,0;-20;-19;-18;13;21;21
52:07,0;-19;-20;-18;13;21;21
52:07,0;-19;-20;-18;14;21;20
52:07,0;-19;-19;-18;14;21;20
52:07,0;-19;-19;-18;18;21;20
52:07,0;-19;-19;-18;18;21;20
52:07,0;-19;-19;-18;19;23;20
52:07,0;-19;-20;-18;19;23;20
52:07,0;-19;-20;-18;18;21;20
52:07,1;-20;-19;-17;18;21;20
52:07,1;-20;-19;-17;19;21;20
52:07,1;-19;-20;-18;19;21;20
52:07,1;-19;-20;-18;19;21;20
52:07,1;-19;-20;-18;19;21;20
52:07,1;-19;-20;-18;19;21;20
52:07,1;-19;-20;-18;19;21;20
52:07,1;-19;-20;-18;19;21;20
52:07,1;-18;-21;-18;19;21;20
52:07,1;-18;-21;-18;19;23;19
52:07,2;-18;-21;-18;19;23;19
52:07,2;-18;-21;-18;19;23;19
52:07,2;-17;-20;-18;19;23;19
52:07,2;-17;-20;-18;18;23;20
52:07,2;-17;-20;-18;18;23;20
52:07,2;-17;-20;-18;18;23;20
52:07,2;-17;-20;-19;18;23;20
52:07,2;-17;-20;-19;19;23;19
52:07,2;-17;-20;-20;19;23;19
52:07,2;-17;-20;-20;19;23;19
52:07,3;-17;-20;-20;19;23;19
52:07,3;-17;-20;-20;19;23;20
52:07,3;-18;-20;-19;19;23;20
52:07,3;-18;-20;-19;20;23;19
52:07,3;-15;-21;-19;20;23;19
52:07,3;-15;-21;-19;20;23;19
52:07,3;-15;-21;-19;20;23;19
52:07,3;-15;-21;-19;20;23;19
52:07,3;-18;-21;-20;20;23;19
52:07,3;-18;-21;-20;21;23;19
52:07,4;-15;-21;-20;21;23;19
52:07,4;-15;-21;-20;21;23;19
52:07,4;-18;-21;-19;21;23;19
52:07,4;-18;-21;-19;23;23;18
52:07,4;-18;-21;-20;23;23;18
52:07,4;-18;-21;-20;23;23;18
52:07,4;-18;-21;-20;23;23;18
52:07,4;-18;-21;-20;23;23;19
52:07,4;-17;-21;-20;23;23;19
52:07,4;-17;-21;-20;23;23;18
52:07,5;-18;-21;-20;23;23;18
52:07,5;-18;-21;-20;23;23;18
52:07,5;-19;-21;-20;23;23;18
52:07,5;-19;-21;-20;24;21;19
52:07,5;-18;-21;-21;24;21;19
52:07,5;-18;-21;-21;24;21;18
52:07,5;-18;-21;-21;24;21;18
52:07,5;-18;-21;-21;24;21;18
52:07,5;-18;-21;-23;24;21;18
52:07,5;-18;-21;-23;24;21;19
52:07,6;-18;-23;-21;24;21;19
52:07,6;-18;-23;-21;24;21;19
52:07,6;-18;-21;-21;24;21;19
52:07,6;-18;-21;-21;23;21;18
52:07,6;-18;-21;-21;23;21;18
52:07,6;-18;-21;-21;23;21;19
52:07,6;-19;-21;-17;23;21;19
52:07,6;-19;-21;-17;23;21;19
52:07,6;-19;-21;-17;23;21;19
52:07,6;-19;-21;-17;23;20;19
52:07,7;-20;-21;-18;23;20;19
52:07,7;-20;-21;-18;23;20;19
52:07,7;-19;-20;-19;23;20;19
52:07,7;-19;-20;-19;23;20;20
52:07,7;-19;-20;-19;23;20;20
52:07,7;-19;-20;-19;23;20;20
52:07,7;-19;-20;-19;23;20;20
52:07,7;-19;-20;-19;21;19;20
52:07,7;-19;-20;-25;21;19;20
52:07,7;-19;-20;-25;21;19;19
52:07,8;-19;-20;-24;21;19;19
52:07,8;-19;-20;-24;21;19;19
52:07,8;-19;-21;-25;21;19;19
52:07,8;-19;-21;-25;23;19;20
52:07,8;-20;-20;-25;23;19;20
52:07,8;-20;-20;-25;23;19;20
52:07,8;-19;-21;-25;23;19;20
52:07,8;-19;-21;-25;23;19;20
52:07,8;-19;-21;-25;23;19;20
52:07,8;-20;-20;-25;23;19;20
52:07,9;-20;-20;-25;23;18;19
52:07,9;-20;-20;-25;23;18;19
52:07,9;-20;-20;-25;21;19;19
52:07,9;-20;-20;-24;21;19;19
52:07,9;-20;-20;-24;21;19;19
52:07,9;-20;-20;-24;21;19;19
52:07,9;-20;-20;-24;20;19;20
52:07,9;-20;-20;-24;20;19;20
52:07,9;-20;-20;-24;20;19;20
52:07,9;-20;-20;-24;20;19;20
52:08,0;-20;-20;-24;20;19;20
52:08,0;-20;-20;-24;20;19;20
52:08,0;-20;-20;-24;20;18;21
52:08,0;-20;-20;-23;20;18;21
52:08,0;-20;-20;-23;20;18;20
52:08,0;-21;-19;-23;20;18;20
52:08,0;-21;-19;-23;20;18;20
52:08,0;-21;-20;-21;20;18;20
52:08,0;-21;-20;-21;20;18;20
52:08,0;-21;-20;-21;20;18;20
52:08,1;-21;-20;-21;20;18;20
52:08,1;-17;-19;-20;20;18;20
