10,06,41,257;0,000000;0,000000;0,000000;0,000000;0,000000;0,000000;
10,06,41,261;0,000000;0,000000;0,000000;0,000000;0,000000;0,000000;
10,06,41,267;0,000000;0,000000;0,000000;0,000000;0,000000;0,000000;
10,06,41,278;0,000000;0,000000;0,000000;0,000000;0,000000;0,000000;
10,06,41,291;0,000000;0,000000;0,000000;0,000000;0,000000;0,000000;
10,06,41,300;0,000000;0,000000;0,000000;0,000000;0,000000;0,000000;
10,06,41,306;0,000000;0,000000;0,000000;0,000000;0,000000;0,000000;
10,06,41,322;0,000000;0,000000;0,000000;0,000000;0,000000;0,000000;
10,06,41,328;0,000000;0,000000;0,000000;0,000000;0,000000;0,000000;
10,06,41,340;0,000000;0,000000;0,000000;0,000000;0,000000;0,000000;
10,06,41,346;0,000000;0,000000;0,000000;0,000000;0,000000;0,000000;
10,06,41,375;0,000000;0,000000;0,000000;0,000000;0,000000;0,000000;
10,06,41,379;0,000000;0,000000;0,000000;0,000000;0,000000;0,000000;
10,06,41,384;0,000000;0,000000;0,000000;0,000000;0,000000;0,000000;
10,06,41,389;0,000000;0,000000;0,000000;0,000000;0,000000;0,000000;
10,06,41,396;0,000000;0,000000;0,000000;0,000000;0,000000;0,000000;
10,06,41,406;0,000000;0,000000;0,000000;0,000000;0,000000;0,000000;
10,06,41,418;0,000000;0,000000;0,000000;0,000000;0,000000;0,000000;
10,06,41,427;0,000000;0,000000;0,000000;0,000000;0,000000;0,000000;
10,06,41,442;0,000000;0,000000;0,000000;0,000000;0,000000;0,000000;
10,06,41,447;0,000000;0,000000;0,000000;0,000000;0,000000;0,000000;
10,06,41,459;0,000000;0,000000;0,000000;0,000000;0,000000;0,000000;
10,06,41,466;0,000000;0,000000;0,000000;0,000000;0,000000;0,000000;
10,06,41,479;0,000000;0,000000;0,000000;0,000000;0,000000;0,000000;
10,06,41,486;0,000000;0,000000;0,000000;0,000000;0,000000;0,000000;
10,06,41,498;0,000000;0,000000;0,000000;0,000000;0,000000;0,000000;
10,06,41,505;0,000000;0,000000;0,000000;0,000000;0,000000;0,000000;
10,06,41,518;0,000000;0,000000;0,000000;0,000000;0,000000;0,000000;
10,06,41,526;0,000000;0,000000;0,000000;0,000000;0,000000;0,000000;
10,06,41,539;0,000000;0,000000;0,000000;0,000000;0,000000;0,000000;
10,06,41,545;0,000000;0,000000;0,000000;0,000000;0,000000;0,000000;
10,06,41,558;0,000000;0,000000;0,000000;0,000000;0,000000;0,000000;
10,06,41,565;0,000000;0,000000;0,000000;0,000000;0,000000;0,000000;
10,06,41,579;0,000000;0,000000;0,000000;0,000000;0,000000;0,000000;
10,06,41,586;0,000000;0,000000;0,000000;0,000000;0,000000;0,000000;
10,06,41,597;0,000000;0,000000;0,000000;0,000000;0,000000;0,000000;
10,06,41,606;0,000000;0,000000;0,000000;0,000000;0,000000;0,000000;
10,06,41,618;0,000000;0,000000;0,000000;0,000000;0,000000;0,000000;
10,06,41,629;0,000000;0,000000;0,000000;0,000000;0,000000;0,000000;
10,06,41,636;0,000000;0,000000;0,000000;0,000000;0,000000;0,000000;
10,06,41,648;0,000000;0,000000;0,000000;0,000000;0,000000;0,000000;
10,06,41,659;0,000000;0,000000;0,000000;0,000000;0,000000;0,000000;
10,06,41,665;0,000000;0,000000;0,000000;0,000000;0,000000;0,000000;
10,06,41,676;0,000000;0,000000;0,000000;0,000000;0,000000;0,000000;
10,06,41,685;0,000000;0,000000;0,000000;0,000000;0,000000;0,000000;
10,06,41,698;0,000000;0,000000;0,000000;0,000000;0,000000;0,000000;
10,06,41,718;0,000000;0,000000;0,000000;0,000000;0,000000;0,000000;
10,06,41,723;0,000000;0,000000;0,000000;0,000000;0,000000;0,000000;
10,06,41,728;0,000000;0,000000;0,000000;0,000000;0,000000;0,000000;
10,06,41,738;0,000000;0,000000;0,000000;0,000000;0,000000;0,000000;
10,06,41,745;0,000000;0,000000;0,000000;0,000000;0,000000;0,000000;
10,06,41,756;0,000000;0,000000;0,000000;0,000000;0,000000;0,000000;
10,06,41,765;0,000000;0,000000;0,000000;0,000000;0,000000;0,000000;
10,06,41,778;0,000000;0,000000;0,000000;0,000000;0,000000;0,000000;
10,06,41,785;0,000000;0,000000;0,000000;0,000000;0,000000;0,000000;
10,06,41,796;0,000000;0,000000;0,000000;0,000000;0,000000;0,000000;
10,06,41,805;0,000000;0,000000;0,000000;0,000000;0,000000;0,000000;
10,06,41,822;0,000000;0,000000;0,000000;0,000000;0,000000;0,000000;
10,06,41,827;0,000000;0,000000;0,000000;0,000000;0,000000;0,000000;
10,06,41,838;0,000000;0,000000;0,000000;0,000000;0,000000;0,000000;
10,06,41,848;0,000000;0,000000;0,000000;0,000000;0,000000;0,000000;
10,06,41,860;0,000000;0,000000;0,000000;0,000000;0,000000;0,000000;
10,06,41,866;0,000000;0,000000;0,000000;0,000000;0,000000;0,000000;
10,06,41,879;0,000000;0,000000;0,000000;0,000000;0,000000;0,000000;
10,06,41,886;0,000000;0,000000;0,000000;0,000000;0,000000;0,000000;
10,06,41,899;0,000000;0,000000;0,000000;0,000000;0,000000;0,000000;
10,06,41,906;0,000000;0,000000;0,000000;0,000000;0,000000;0,000000;
10,06,41,919;0,000000;0,000000;0,000000;0,000000;0,000000;0,000000;
10,06,41,926;0,000000;0,000000;0,000000;0,000000;0,000000;0,000000;
10,06,41,939;0,000000;0,000000;0,000000;0,000000;0,000000;0,000000;
10,06,41,946;0,000000;0,000000;0,000000;0,000000;0,000000;0,000000;
10,06,41,957;0,000000;0,000000;0,000000;0,000000;0,000000;0,000000;
10,06,41,967;0,000000;0,000000;0,000000;0,000000;0,000000;0,000000;
10,06,41,979;0,000000;0,000000;0,000000;0,000000;0,000000;0,000000;
10,06,41,987;0,000000;0,000000;0,000000;0,000000;0,000000;0,000000;
10,06,42,010;0,000000;0,000000;0,000000;0,000000;0,000000;0,000000;
10,06,42,015;0,000000;0,000000;0,000000;0,000000;0,000000;0,000000;
10,06,42,020;0,000000;0,000000;0,000000;0,000000;0,000000;0,000000;
10,06,42,028;0,000000;0,000000;0,000000;0,000000;0,000000;0,000000;
10,06,42,039;0,000000;0,000000;0,000000;0,000000;0,000000;0,000000;
10,06,42,047;0,000000;0,000000;0,000000;0,000000;0,000000;0,000000;
10,06,42,059;0,000000;0,000000;0,000000;0,000000;0,000000;0,000000;
10,06,42,066;0,000000;0,000000;0,000000;0,000000;0,000000;0,000000;
10,06,42,077;0,000000;0,000000;0,000000;0,000000;0,000000;0,000000;
10,06,42,086;0,000000;0,000000;0,000000;0,000000;0,000000;0,000000;
10,06,42,097;0,000000;0,000000;0,000000;0,000000;0,000000;0,000000;
10,06,42,106;0,000000;0,000000;0,000000;0,000000;0,000000;0,000000;
10,06,42,117;0,000000;0,000000;0,000000;0,000000;0,000000;0,000000;
10,06,42,125;-5,000000;-17,000000;-17,000000;0,000000;0,000000;0,000000;
10,06,42,141;-5,000000;-17,000000;-17,000000;0,000000;0,000000;0,000000;
10,06,42,146;-5,000000;-17,000000;-17,000000;8,000000;8,000000;8,000000;
10,06,42,156;-3,000000;-10,000000;-10,000000;8,000000;8,000000;8,000000;
10,06,42,167;-3,000000;-10,000000;-10,000000;7,000000;6,000000;6,000000;
10,06,42,181;-4,000000;-7,000000;-6,000000;7,000000;6,000000;6,000000;
10,06,42,186;-4,000000;-7,000000;-6,000000;11,000000;4,000000;4,000000;
10,06,42,196;-4,000000;-7,000000;-6,000000;11,000000;4,000000;4,000000;
10,06,42,206;-4,000000;-7,000000;-6,000000;11,000000;4,000000;4,000000;
10,06,42,216;-4,000000;-6,000000;-3,000000;11,000000;4,000000;4,000000;
10,06,42,226;-4,000000;-6,000000;-3,000000;14,000000;3,000000;3,000000;
10,06,42,237;-5,000000;-6,000000;-1,000000;14,000000;3,000000;3,000000;
10,06,42,249;-5,000000;-6,000000;-1,000000;25,000000;5,000000;4,000000;
10,06,42,257;-7,000000;-13,000000;-5,000000;25,000000;5,000000;4,000000;
10,06,42,266;-7,000000;-13,000000;-5,000000;25,000000;5,000000;4,000000;
10,06,42,277;-7,000000;-17,000000;-8,000000;25,000000;5,000000;4,000000;
10,06,42,285;-7,000000;-17,000000;-8,000000;30,000000;8,000000;7,000000;
10,06,42,296;-7,000000;-18,000000;-13,000000;30,000000;8,000000;7,000000;
10,06,42,319;-7,000000;-18,000000;-13,000000;29,000000;14,000000;13,000000;
10,06,42,324;-5,000000;-18,000000;-17,000000;29,000000;14,000000;13,000000;
10,06,42,330;-5,000000;-18,000000;-17,000000;26,000000;24,000000;21,000000;
10,06,42,338;-6,000000;-18,000000;-20,000000;26,000000;24,000000;21,000000;
10,06,42,349;-6,000000;-18,000000;-20,000000;26,000000;24,000000;21,000000;
10,06,42,356;-6,000000;-18,000000;-20,000000;26,000000;24,000000;21,000000;
10,06,42,366;-6,000000;-18,000000;-20,000000;19,000000;27,000000;27,000000;
10,06,42,397;-6,000000;-18,000000;-20,000000;19,000000;27,000000;27,000000;
10,06,42,403;-6,000000;-18,000000;-20,000000;19,000000;27,000000;27,000000;
10,06,42,408;-5,000000;-17,000000;-20,000000;19,000000;27,000000;27,000000;
10,06,42,414;-5,000000;-17,000000;-20,000000;14,000000;25,000000;26,000000;
10,06,42,420;-6,000000;-15,000000;-19,000000;14,000000;25,000000;26,000000;
10,06,42,426;-6,000000;-15,000000;-19,000000;12,000000;23,000000;25,000000;
10,06,42,436;-6,000000;-15,000000;-19,000000;12,000000;23,000000;25,000000;
10,06,42,448;-6,000000;-15,000000;-19,000000;13,000000;20,000000;23,000000;
10,06,42,455;-5,000000;-15,000000;-17,000000;13,000000;20,000000;23,000000;
10,06,42,469;-5,000000;-15,000000;-17,000000;13,000000;20,000000;23,000000;
10,06,42,476;-7,000000;-14,000000;-14,000000;13,000000;20,000000;23,000000;
10,06,42,485;-7,000000;-14,000000;-14,000000;14,000000;18,000000;20,000000;
10,06,42,498;-6,000000;-13,000000;-13,000000;14,000000;18,000000;20,000000;
10,06,42,505;-6,000000;-13,000000;-13,000000;17,000000;15,000000;19,000000;
10,06,42,518;-6,000000;-13,000000;-13,000000;17,000000;15,000000;19,000000;
10,06,42,525;-6,000000;-13,000000;-13,000000;19,000000;13,000000;18,000000;
10,06,42,538;-6,000000;-13,000000;-11,000000;19,000000;13,000000;18,000000;
10,06,42,551;-6,000000;-13,000000;-11,000000;20,000000;12,000000;14,000000;
10,06,42,558;-6,000000;-13,000000;-11,000000;20,000000;12,000000;14,000000;
10,06,42,567;-6,000000;-13,000000;-11,000000;20,000000;8,000000;10,000000;
10,06,42,576;-5,000000;-10,000000;-9,000000;20,000000;8,000000;10,000000;
10,06,42,587;-5,000000;-10,000000;-9,000000;20,000000;8,000000;10,000000;
10,06,42,596;-5,000000;-10,000000;-9,000000;20,000000;8,000000;10,000000;
10,06,42,607;-5,000000;-10,000000;-9,000000;18,000000;7,000000;7,000000;
10,06,42,616;-6,000000;-11,000000;-13,000000;18,000000;7,000000;7,000000;
10,06,42,626;-6,000000;-11,000000;-13,000000;15,000000;5,000000;5,000000;
10,06,42,636;-6,000000;-12,000000;-14,000000;15,000000;5,000000;5,000000;
10,06,42,648;-6,000000;-12,000000;-14,000000;15,000000;5,000000;5,000000;
10,06,42,657;-6,000000;-12,000000;-14,000000;15,000000;5,000000;5,000000;
10,06,42,666;-6,000000;-12,000000;-14,000000;13,000000;5,000000;6,000000;
10,06,42,677;-7,000000;-17,000000;-15,000000;13,000000;5,000000;6,000000;
10,06,42,687;-7,000000;-17,000000;-15,000000;12,000000;7,000000;6,000000;
10,06,42,696;-7,000000;-18,000000;-17,000000;12,000000;7,000000;6,000000;
10,06,42,725;-7,000000;-18,000000;-17,000000;14,000000;9,000000;7,000000;
10,06,42,731;-7,000000;-18,000000;-17,000000;14,000000;9,000000;7,000000;
10,06,42,737;-7,000000;-18,000000;-17,000000;15,000000;17,000000;13,000000;
10,06,42,743;-6,000000;-18,000000;-17,000000;15,000000;17,000000;13,000000;
10,06,42,749;-6,000000;-18,000000;-17,000000;18,000000;16,000000;15,000000;
10,06,42,757;-6,000000;-18,000000;-17,000000;18,000000;16,000000;15,000000;
10,06,42,766;-6,000000;-18,000000;-17,000000;18,000000;16,000000;15,000000;
10,06,42,777;-5,000000;-15,000000;-17,000000;18,000000;16,000000;15,000000;
10,06,42,787;-5,000000;-15,000000;-17,000000;18,000000;17,000000;19,000000;
10,06,42,799;-6,000000;-14,000000;-15,000000;18,000000;17,000000;19,000000;
10,06,42,806;-6,000000;-14,000000;-15,000000;15,000000;18,000000;21,000000;
10,06,42,816;-6,000000;-14,000000;-15,000000;15,000000;18,000000;21,000000;
10,06,42,827;-6,000000;-14,000000;-15,000000;15,000000;18,000000;21,000000;
10,06,42,836;-6,000000;-14,000000;-15,000000;15,000000;18,000000;21,000000;
10,06,42,847;-6,000000;-14,000000;-15,000000;15,000000;18,000000;21,000000;
10,06,42,858;-7,000000;-12,000000;-14,000000;15,000000;18,000000;21,000000;
10,06,42,866;-7,000000;-12,000000;-14,000000;13,000000;23,000000;21,000000;
10,06,42,876;-7,000000;-13,000000;-14,000000;13,000000;23,000000;21,000000;
10,06,42,887;-7,000000;-13,000000;-14,000000;14,000000;21,000000;20,000000;
10,06,42,896;-6,000000;-14,000000;-15,000000;14,000000;21,000000;20,000000;
10,06,42,906;-6,000000;-14,000000;-15,000000;13,000000;21,000000;18,000000;
10,06,42,918;-6,000000;-13,000000;-14,000000;13,000000;21,000000;18,000000;
10,06,42,926;-6,000000;-13,000000;-14,000000;14,000000;20,000000;18,000000;
10,06,42,936;-6,000000;-13,000000;-14,000000;14,000000;20,000000;18,000000;
10,06,42,946;-6,000000;-13,000000;-14,000000;14,000000;18,000000;15,000000;
10,06,42,963;-6,000000;-14,000000;-14,000000;14,000000;18,000000;15,000000;
10,06,42,970;-6,000000;-14,000000;-14,000000;15,000000;15,000000;14,000000;
10,06,42,976;-5,000000;-15,000000;-14,000000;15,000000;15,000000;14,000000;
10,06,42,986;-5,000000;-15,000000;-14,000000;15,000000;14,000000;11,000000;
10,06,42,999;-6,000000;-14,000000;-14,000000;15,000000;14,000000;11,000000;
10,06,43,006;-6,000000;-14,000000;-14,000000;14,000000;9,000000;8,000000;
10,06,43,018;-7,000000;-14,000000;-14,000000;14,000000;9,000000;8,000000;
10,06,43,025;-7,000000;-14,000000;-14,000000;14,000000;9,000000;8,000000;
10,06,43,036;-7,000000;-14,000000;-14,000000;14,000000;9,000000;8,000000;
10,06,43,048;-7,000000;-14,000000;-14,000000;13,000000;9,000000;7,000000;
10,06,43,056;-8,000000;-13,000000;-15,000000;13,000000;9,000000;7,000000;
10,06,43,068;-8,000000;-13,000000;-15,000000;13,000000;9,000000;7,000000;
10,06,43,077;-8,000000;-13,000000;-15,000000;13,000000;9,000000;7,000000;
10,06,43,086;-8,000000;-13,000000;-15,000000;13,000000;9,000000;9,000000;
10,06,43,096;-7,000000;-13,000000;-15,000000;13,000000;9,000000;9,000000;
10,06,43,106;-7,000000;-13,000000;-15,000000;13,000000;11,000000;11,000000;
10,06,43,116;-7,000000;-13,000000;-15,000000;13,000000;11,000000;11,000000;
10,06,43,126;-7,000000;-13,000000;-15,000000;14,000000;12,000000;14,000000;
10,06,43,136;-7,000000;-13,000000;-15,000000;14,000000;12,000000;14,000000;
10,06,43,146;-7,000000;-13,000000;-15,000000;14,000000;13,000000;15,000000;
10,06,43,158;-6,000000;-14,000000;-15,000000;14,000000;13,000000;15,000000;
10,06,43,166;-6,000000;-14,000000;-15,000000;14,000000;17,000000;20,000000;
10,06,43,176;-6,000000;-13,000000;-15,000000;14,000000;17,000000;20,000000;
10,06,43,186;-6,000000;-13,000000;-15,000000;14,000000;17,000000;20,000000;
10,06,43,196;-7,000000;-14,000000;-14,000000;14,000000;17,000000;20,000000;
10,06,43,209;-7,000000;-14,000000;-14,000000;14,000000;18,000000;21,000000;
10,06,43,215;-6,000000;-14,000000;-15,000000;14,000000;18,000000;21,000000;
10,06,43,227;-6,000000;-14,000000;-15,000000;13,000000;20,000000;21,000000;
10,06,43,236;-7,000000;-14,000000;-15,000000;13,000000;20,000000;21,000000;
10,06,43,247;-7,000000;-14,000000;-15,000000;13,000000;20,000000;21,000000;
10,06,43,257;-7,000000;-14,000000;-15,000000;13,000000;20,000000;21,000000;
10,06,43,270;-7,000000;-14,000000;-15,000000;14,000000;19,000000;20,000000;
10,06,43,276;-7,000000;-14,000000;-14,000000;14,000000;19,000000;20,000000;
10,06,43,285;-7,000000;-14,000000;-14,000000;14,000000;19,000000;18,000000;
10,06,43,296;-7,000000;-14,000000;-14,000000;14,000000;19,000000;18,000000;
10,06,43,306;-7,000000;-14,000000;-14,000000;14,000000;18,000000;17,000000;
10,06,43,316;-7,000000;-13,000000;-15,000000;14,000000;18,000000;17,000000;
10,06,43,325;-7,000000;-13,000000;-15,000000;14,000000;15,000000;15,000000;
10,06,43,335;-6,000000;-14,000000;-15,000000;14,000000;15,000000;15,000000;
10,06,43,346;-6,000000;-14,000000;-15,000000;14,000000;14,000000;13,000000;
10,06,43,357;-6,000000;-13,000000;-14,000000;14,000000;14,000000;13,000000;
10,06,43,369;-6,000000;-13,000000;-14,000000;14,000000;13,000000;12,000000;
10,06,43,376;-6,000000;-13,000000;-15,000000;14,000000;13,000000;12,000000;
10,06,43,385;-6,000000;-13,000000;-15,000000;14,000000;11,000000;11,000000;
10,06,43,419;-7,000000;-13,000000;-15,000000;14,000000;11,000000;11,000000;
10,06,43,426;-7,000000;-13,000000;-15,000000;14,000000;11,000000;11,000000;
10,06,43,433;-6,000000;-14,000000;-15,000000;14,000000;11,000000;11,000000;
10,06,43,440;-6,000000;-14,000000;-15,000000;15,000000;9,000000;9,000000;
10,06,43,448;-7,000000;-14,000000;-15,000000;15,000000;9,000000;9,000000;
10,06,43,455;-7,000000;-14,000000;-15,000000;15,000000;11,000000;11,000000;
10,06,43,462;-7,000000;-14,000000;-15,000000;15,000000;11,000000;11,000000;
10,06,43,468;-7,000000;-14,000000;-15,000000;15,000000;11,000000;11,000000;
10,06,43,479;-8,000000;-13,000000;-15,000000;15,000000;11,000000;11,000000;
10,06,43,486;-8,000000;-13,000000;-15,000000;17,000000;14,000000;12,000000;
10,06,43,496;-8,000000;-14,000000;-15,000000;17,000000;14,000000;12,000000;
10,06,43,507;-8,000000;-14,000000;-15,000000;17,000000;14,000000;12,000000;
10,06,43,516;-7,000000;-14,000000;-15,000000;17,000000;14,000000;12,000000;
10,06,43,527;-7,000000;-14,000000;-15,000000;15,000000;19,000000;17,000000;
10,06,43,536;-7,000000;-14,000000;-15,000000;15,000000;19,000000;17,000000;
10,06,43,546;-7,000000;-14,000000;-15,000000;15,000000;19,000000;17,000000;
10,06,43,557;-8,000000;-13,000000;-15,000000;15,000000;19,000000;17,000000;
10,06,43,566;-8,000000;-13,000000;-15,000000;15,000000;19,000000;17,000000;
10,06,43,577;-6,000000;-13,000000;-14,000000;15,000000;19,000000;17,000000;
10,06,43,588;-6,000000;-13,000000;-14,000000;14,000000;18,000000;19,000000;
10,06,43,596;-6,000000;-13,000000;-14,000000;14,000000;18,000000;19,000000;
10,06,43,606;-6,000000;-13,000000;-14,000000;14,000000;18,000000;19,000000;
10,06,43,616;-7,000000;-13,000000;-15,000000;14,000000;18,000000;19,000000;
10,06,43,625;-7,000000;-13,000000;-15,000000;15,000000;17,000000;18,000000;
10,06,43,636;-7,000000;-14,000000;-15,000000;15,000000;17,000000;18,000000;
10,06,43,648;-7,000000;-14,000000;-15,000000;15,000000;15,000000;18,000000;
10,06,43,656;-7,000000;-14,000000;-15,000000;15,000000;15,000000;18,000000;
10,06,43,666;-7,000000;-14,000000;-15,000000;18,000000;13,000000;17,000000;
10,06,43,677;-8,000000;-14,000000;-15,000000;18,000000;13,000000;17,000000;
10,06,43,687;-8,000000;-14,000000;-15,000000;17,000000;13,000000;17,000000;
10,06,43,696;-7,000000;-14,000000;-14,000000;17,000000;13,000000;17,000000;
10,06,43,706;-7,000000;-14,000000;-14,000000;17,000000;13,000000;17,000000;
10,06,43,716;-7,000000;-14,000000;-14,000000;17,000000;13,000000;17,000000;
10,06,43,726;-7,000000;-14,000000;-14,000000;17,000000;11,000000;15,000000;
10,06,43,736;-8,000000;-14,000000;-14,000000;17,000000;11,000000;15,000000;
10,06,43,751;-8,000000;-14,000000;-14,000000;17,000000;11,000000;15,000000;
10,06,43,758;-7,000000;-13,000000;-14,000000;17,000000;11,000000;15,000000;
10,06,43,791;-7,000000;-13,000000;-14,000000;17,000000;12,000000;14,000000;
10,06,43,823;-7,000000;-14,000000;-15,000000;17,000000;12,000000;14,000000;
10,06,43,854;-7,000000;-14,000000;-15,000000;17,000000;12,000000;12,000000;
10,06,43,887;-7,000000;-12,000000;-15,000000;17,000000;12,000000;12,000000;
10,06,43,918;-7,000000;-12,000000;-15,000000;17,000000;12,000000;12,000000;
10,06,43,950;-7,000000;-13,000000;-15,000000;17,000000;12,000000;12,000000;
10,06,43,982;-7,000000;-13,000000;-15,000000;15,000000;14,000000;12,000000;
10,06,44,015;-8,000000;-13,000000;-15,000000;15,000000;14,000000;12,000000;
10,06,44,046;-8,000000;-13,000000;-15,000000;17,000000;15,000000;11,000000;
10,06,44,079;-8,000000;-13,000000;-15,000000;17,000000;15,000000;11,000000;
10,06,44,111;-8,000000;-13,000000;-15,000000;17,000000;15,000000;11,000000;
10,06,44,152;-8,000000;-13,000000;-15,000000;17,000000;15,000000;11,000000;
10,06,44,185;-8,000000;-13,000000;-15,000000;17,000000;17,000000;11,000000;
10,06,44,216;-8,000000;-14,000000;-15,000000;17,000000;17,000000;11,000000;
10,06,44,248;-8,000000;-14,000000;-15,000000;15,000000;19,000000;12,000000;
10,06,44,281;-8,000000;-14,000000;-15,000000;15,000000;19,000000;12,000000;
10,06,44,314;-8,000000;-14,000000;-15,000000;15,000000;19,000000;14,000000;
10,06,44,346;-8,000000;-14,000000;-15,000000;15,000000;19,000000;14,000000;
10,06,44,378;-8,000000;-14,000000;-15,000000;15,000000;19,000000;14,000000;
10,06,44,410;-7,000000;-14,000000;-15,000000;15,000000;19,000000;14,000000;
10,06,44,441;-7,000000;-14,000000;-15,000000;15,000000;19,000000;17,000000;
10,06,44,474;-7,000000;-13,000000;-14,000000;15,000000;19,000000;17,000000;
10,06,44,505;-7,000000;-13,000000;-14,000000;15,000000;19,000000;19,000000;
10,06,44,536;-7,000000;-14,000000;-15,000000;15,000000;19,000000;19,000000;
10,06,44,568;-7,000000;-14,000000;-15,000000;18,000000;18,000000;19,000000;
10,06,44,600;-7,000000;-14,000000;-15,000000;18,000000;18,000000;19,000000;
10,06,44,632;-7,000000;-14,000000;-15,000000;18,000000;17,000000;19,000000;
10,06,44,663;-8,000000;-13,000000;-14,000000;18,000000;17,000000;19,000000;
10,06,44,696;-8,000000;-13,000000;-14,000000;18,000000;15,000000;20,000000;
10,06,44,728;-8,000000;-14,000000;-15,000000;18,000000;15,000000;20,000000;
10,06,44,759;-8,000000;-14,000000;-15,000000;18,000000;14,000000;19,000000;
10,06,44,791;-8,000000;-14,000000;-15,000000;18,000000;14,000000;19,000000;
10,06,44,823;-8,000000;-14,000000;-15,000000;18,000000;13,000000;17,000000;
10,06,44,855;-8,000000;-13,000000;-14,000000;18,000000;13,000000;17,000000;
10,06,44,889;-8,000000;-13,000000;-14,000000;15,000000;13,000000;17,000000;
10,06,44,921;-8,000000;-13,000000;-14,000000;15,000000;13,000000;17,000000;
10,06,44,952;-8,000000;-13,000000;-14,000000;15,000000;13,000000;15,000000;
10,06,44,985;-8,000000;-14,000000;-15,000000;15,000000;13,000000;15,000000;
10,06,45,017;-8,000000;-14,000000;-15,000000;14,000000;13,000000;14,000000;
10,06,45,049;-8,000000;-14,000000;-15,000000;14,000000;13,000000;14,000000;
10,06,45,081;-8,000000;-14,000000;-15,000000;14,000000;13,000000;13,000000;
10,06,45,113;-8,000000;-14,000000;-15,000000;14,000000;13,000000;13,000000;
10,06,45,145;-8,000000;-14,000000;-15,000000;17,000000;14,000000;12,000000;
10,06,45,178;-7,000000;-14,000000;-15,000000;17,000000;14,000000;12,000000;
10,06,45,210;-7,000000;-14,000000;-15,000000;18,000000;15,000000;12,000000;
10,06,45,242;-7,000000;-14,000000;-15,000000;18,000000;15,000000;12,000000;
10,06,45,275;-7,000000;-14,000000;-15,000000;18,000000;15,000000;12,000000;
10,06,45,307;-6,000000;-14,000000;-15,000000;18,000000;15,000000;12,000000;
10,06,45,339;-6,000000;-14,000000;-15,000000;18,000000;17,000000;11,000000;
10,06,45,371;-6,000000;-14,000000;-15,000000;18,000000;17,000000;11,000000;
10,06,45,403;-6,000000;-14,000000;-15,000000;17,000000;17,000000;12,000000;
10,06,45,435;-7,000000;-14,000000;-14,000000;17,000000;17,000000;12,000000;
10,06,45,467;-7,000000;-14,000000;-14,000000;15,000000;18,000000;12,000000;
10,06,45,499;-7,000000;-14,000000;-14,000000;15,000000;18,000000;12,000000;
10,06,45,531;-7,000000;-14,000000;-14,000000;13,000000;18,000000;14,000000;
10,06,45,562;-8,000000;-14,000000;-14,000000;13,000000;18,000000;14,000000;
10,06,45,596;-8,000000;-14,000000;-14,000000;13,000000;18,000000;14,000000;
10,06,45,627;-8,000000;-14,000000;-14,000000;13,000000;18,000000;14,000000;
10,06,45,661;-8,000000;-14,000000;-14,000000;13,000000;18,000000;14,000000;
10,06,45,693;-8,000000;-14,000000;-15,000000;13,000000;18,000000;14,000000;
10,06,45,725;-8,000000;-14,000000;-15,000000;14,000000;18,000000;18,000000;
10,06,45,758;-8,000000;-14,000000;-15,000000;14,000000;18,000000;18,000000;
10,06,45,791;-8,000000;-14,000000;-15,000000;17,000000;15,000000;19,000000;
10,06,45,823;-8,000000;-14,000000;-15,000000;17,000000;15,000000;19,000000;
10,06,45,855;-8,000000;-14,000000;-15,000000;17,000000;15,000000;19,000000;
10,06,45,888;-8,000000;-14,000000;-15,000000;17,000000;15,000000;19,000000;
10,06,45,920;-7,000000;-15,000000;-17,000000;17,000000;15,000000;19,000000;
10,06,45,952;-7,000000;-15,000000;-17,000000;18,000000;14,000000;18,000000;
10,06,45,984;-7,000000;-15,000000;-17,000000;18,000000;14,000000;18,000000;
10,06,46,016;-7,000000;-15,000000;-17,000000;18,000000;14,000000;19,000000;
10,06,46,049;-7,000000;-14,000000;-14,000000;18,000000;14,000000;19,000000;
10,06,46,082;-7,000000;-14,000000;-14,000000;17,000000;13,000000;18,000000;
10,06,46,114;-7,000000;-15,000000;-15,000000;17,000000;13,000000;18,000000;
10,06,46,147;-7,000000;-15,000000;-15,000000;17,000000;12,000000;17,000000;
10,06,46,179;-7,000000;-14,000000;-15,000000;17,000000;12,000000;17,000000;
10,06,46,211;-7,000000;-14,000000;-15,000000;13,000000;13,000000;15,000000;
10,06,46,242;-7,000000;-14,000000;-15,000000;13,000000;13,000000;15,000000;
10,06,46,275;-7,000000;-14,000000;-15,000000;13,000000;12,000000;13,000000;
10,06,46,307;-7,000000;-15,000000;-15,000000;13,000000;12,000000;13,000000;
10,06,46,339;-7,000000;-15,000000;-15,000000;13,000000;13,000000;13,000000;
10,06,46,371;-7,000000;-15,000000;-15,000000;13,000000;13,000000;13,000000;
10,06,46,403;-7,000000;-15,000000;-15,000000;13,000000;14,000000;12,000000;
10,06,46,435;-7,000000;-14,000000;-15,000000;13,000000;14,000000;12,000000;
10,06,46,467;-7,000000;-14,000000;-15,000000;14,000000;15,000000;11,000000;
10,06,46,500;-8,000000;-15,000000;-15,000000;14,000000;15,000000;11,000000;
10,06,46,532;-8,000000;-15,000000;-15,000000;14,000000;15,000000;11,000000;
10,06,46,564;-8,000000;-15,000000;-15,000000;14,000000;15,000000;11,000000;
10,06,46,596;-8,000000;-15,000000;-15,000000;15,000000;15,000000;11,000000;
10,06,46,628;-7,000000;-15,000000;-15,000000;15,000000;15,000000;11,000000;
10,06,46,661;-7,000000;-15,000000;-15,000000;17,000000;17,000000;12,000000;
10,06,46,695;-7,000000;-15,000000;-17,000000;17,000000;17,000000;12,000000;
10,06,46,726;-7,000000;-15,000000;-17,000000;17,000000;17,000000;12,000000;
10,06,46,759;-7,000000;-15,000000;-17,000000;17,000000;17,000000;12,000000;
10,06,46,791;-7,000000;-15,000000;-17,000000;15,000000;18,000000;15,000000;
10,06,46,823;-6,000000;-15,000000;-15,000000;15,000000;18,000000;15,000000;
10,06,46,856;-6,000000;-15,000000;-15,000000;15,000000;18,000000;15,000000;
10,06,46,888;-7,000000;-15,000000;-15,000000;15,000000;18,000000;15,000000;
10,06,46,921;-7,000000;-15,000000;-15,000000;15,000000;18,000000;15,000000;
10,06,46,953;-7,000000;-15,000000;-15,000000;15,000000;18,000000;15,000000;
10,06,46,985;-7,000000;-15,000000;-15,000000;14,000000;17,000000;18,000000;
10,06,47,017;-7,000000;-14,000000;-15,000000;14,000000;17,000000;18,000000;
10,06,47,049;-7,000000;-14,000000;-15,000000;13,000000;17,000000;18,000000;
10,06,47,087;-7,000000;-15,000000;-15,000000;13,000000;17,000000;18,000000;
10,06,47,120;-7,000000;-15,000000;-15,000000;13,000000;17,000000;19,000000;
10,06,47,152;-7,000000;-14,000000;-17,000000;13,000000;17,000000;19,000000;
10,06,47,184;-7,000000;-14,000000;-17,000000;14,000000;14,000000;19,000000;
10,06,47,217;-7,000000;-14,000000;-17,000000;14,000000;14,000000;19,000000;
10,06,47,250;-7,000000;-14,000000;-17,000000;14,000000;13,000000;18,000000;
10,06,47,282;-7,000000;-14,000000;-17,000000;14,000000;13,000000;18,000000;
10,06,47,314;-7,000000;-14,000000;-17,000000;15,000000;12,000000;17,000000;
10,06,47,346;-7,000000;-14,000000;-17,000000;15,000000;12,000000;17,000000;
10,06,47,379;-7,000000;-14,000000;-17,000000;15,000000;12,000000;17,000000;
10,06,47,412;-7,000000;-14,000000;-17,000000;15,000000;12,000000;17,000000;
10,06,47,444;-7,000000;-14,000000;-17,000000;12,000000;11,000000;14,000000;
10,06,47,477;-7,000000;-14,000000;-17,000000;12,000000;11,000000;14,000000;
10,06,47,509;-7,000000;-14,000000;-17,000000;13,000000;12,000000;13,000000;
10,06,47,540;-6,000000;-15,000000;-13,000000;13,000000;12,000000;13,000000;
10,06,47,574;-6,000000;-15,000000;-13,000000;13,000000;12,000000;13,000000;
10,06,47,605;-6,000000;-15,000000;-13,000000;13,000000;12,000000;13,000000;
10,06,47,637;-6,000000;-15,000000;-13,000000;13,000000;13,000000;11,000000;
10,06,47,669;-6,000000;-15,000000;-13,000000;13,000000;13,000000;11,000000;
10,06,47,700;-6,000000;-15,000000;-13,000000;15,000000;15,000000;11,000000;
10,06,47,731;-6,000000;-15,000000;-13,000000;15,000000;15,000000;11,000000;
10,06,47,763;-6,000000;-15,000000;-13,000000;15,000000;17,000000;11,000000;
10,06,47,795;-6,000000;-15,000000;-13,000000;15,000000;17,000000;11,000000;
10,06,47,828;-6,000000;-15,000000;-13,000000;14,000000;18,000000;12,000000;
10,06,47,860;-7,000000;-14,000000;-17,000000;14,000000;18,000000;12,000000;
10,06,47,893;-7,000000;-14,000000;-17,000000;14,000000;18,000000;12,000000;
10,06,47,925;-7,000000;-14,000000;-17,000000;14,000000;18,000000;12,000000;
10,06,47,958;-7,000000;-14,000000;-17,000000;14,000000;18,000000;15,000000;
10,06,47,991;-8,000000;-15,000000;-18,000000;14,000000;18,000000;15,000000;
10,06,48,023;-8,000000;-15,000000;-18,000000;14,000000;18,000000;15,000000;
10,06,48,055;-8,000000;-15,000000;-18,000000;14,000000;18,000000;15,000000;
10,06,48,088;-8,000000;-15,000000;-18,000000;14,000000;17,000000;18,000000;
10,06,48,121;-8,000000;-14,000000;-18,000000;14,000000;17,000000;18,000000;
10,06,48,153;-8,000000;-14,000000;-18,000000;14,000000;17,000000;18,000000;
10,06,48,185;-8,000000;-14,000000;-18,000000;14,000000;17,000000;18,000000;
10,06,48,219;-8,000000;-14,000000;-18,000000;13,000000;14,000000;19,000000;
10,06,48,251;-8,000000;-15,000000;-15,000000;13,000000;14,000000;19,000000;
10,06,48,283;-8,000000;-15,000000;-15,000000;13,000000;14,000000;19,000000;
10,06,48,314;-8,000000;-15,000000;-15,000000;13,000000;14,000000;19,000000;
10,06,48,346;-8,000000;-15,000000;-15,000000;14,000000;13,000000;19,000000;
10,06,48,378;-7,000000;-15,000000;-14,000000;14,000000;13,000000;19,000000;
10,06,48,414;-7,000000;-15,000000;-14,000000;13,000000;14,000000;18,000000;
10,06,48,449;-7,000000;-15,000000;-14,000000;13,000000;14,000000;18,000000;
10,06,48,485;-7,000000;-15,000000;-14,000000;14,000000;13,000000;17,000000;
10,06,48,520;-7,000000;-15,000000;-14,000000;14,000000;13,000000;17,000000;
10,06,48,556;-7,000000;-15,000000;-14,000000;14,000000;13,000000;17,000000;
10,06,48,591;-6,000000;-14,000000;-14,000000;14,000000;13,000000;17,000000;
10,06,48,626;-6,000000;-14,000000;-14,000000;15,000000;13,000000;15,000000;
10,06,48,661;-6,000000;-14,000000;-14,000000;15,000000;13,000000;15,000000;
10,06,48,696;-6,000000;-14,000000;-14,000000;14,000000;14,000000;13,000000;
10,06,48,728;-7,000000;-15,000000;-15,000000;14,000000;14,000000;13,000000;
10,06,48,760;-7,000000;-15,000000;-15,000000;15,000000;14,000000;12,000000;
10,06,48,794;-7,000000;-14,000000;-15,000000;15,000000;14,000000;12,000000;
10,06,48,826;-7,000000;-14,000000;-15,000000;15,000000;14,000000;12,000000;
10,06,48,858;-7,000000;-14,000000;-14,000000;15,000000;14,000000;12,000000;
10,06,48,892;-7,000000;-14,000000;-14,000000;15,000000;14,000000;12,000000;
10,06,50,479;-7,000000;-14,000000;-14,000000;15,000000;14,000000;12,000000;
10,06,50,514;-7,000000;-14,000000;-14,000000;14,000000;12,000000;11,000000;
10,06,50,546;-6,000000;-11,000000;-17,000000;14,000000;12,000000;11,000000;
10,06,50,578;-6,000000;-11,000000;-17,000000;14,000000;12,000000;11,000000;
10,06,50,611;-6,000000;-11,000000;-17,000000;14,000000;12,000000;11,000000;
10,06,50,643;-6,000000;-11,000000;-17,000000;15,000000;12,000000;11,000000;
10,06,50,675;-5,000000;-12,000000;-15,000000;15,000000;12,000000;11,000000;
10,06,50,707;-5,000000;-12,000000;-15,000000;14,000000;11,000000;13,000000;
10,06,50,742;-5,000000;-12,000000;-15,000000;14,000000;11,000000;13,000000;
10,06,50,774;-5,000000;-12,000000;-15,000000;14,000000;12,000000;14,000000;
10,06,50,806;-5,000000;-12,000000;-15,000000;14,000000;12,000000;14,000000;
10,06,50,839;-5,000000;-12,000000;-15,000000;14,000000;13,000000;15,000000;
10,06,50,870;-6,000000;-12,000000;-15,000000;14,000000;13,000000;15,000000;
10,06,50,903;-6,000000;-12,000000;-15,000000;14,000000;13,000000;17,000000;
10,06,50,935;-6,000000;-15,000000;-14,000000;14,000000;13,000000;17,000000;
10,06,50,967;-6,000000;-15,000000;-14,000000;15,000000;14,000000;17,000000;
10,06,50,999;-6,000000;-15,000000;-14,000000;15,000000;14,000000;17,000000;
10,06,51,032;-6,000000;-15,000000;-14,000000;15,000000;14,000000;17,000000;
10,06,51,066;-7,000000;-15,000000;-15,000000;15,000000;14,000000;17,000000;
10,06,51,100;-7,000000;-15,000000;-15,000000;14,000000;17,000000;18,000000;
10,06,51,133;-7,000000;-15,000000;-15,000000;14,000000;17,000000;18,000000;
10,06,51,165;-7,000000;-15,000000;-15,000000;15,000000;18,000000;18,000000;
10,06,51,198;-6,000000;-15,000000;-14,000000;15,000000;18,000000;18,000000;
10,06,51,230;-6,000000;-15,000000;-14,000000;15,000000;19,000000;17,000000;
10,06,51,262;-6,000000;-14,000000;-14,000000;15,000000;19,000000;17,000000;
10,06,51,294;-6,000000;-14,000000;-14,000000;15,000000;19,000000;17,000000;
10,06,51,326;-6,000000;-14,000000;-14,000000;15,000000;19,000000;17,000000;
10,06,51,358;-6,000000;-14,000000;-14,000000;15,000000;19,000000;17,000000;
10,06,51,391;-5,000000;-13,000000;-14,000000;15,000000;19,000000;17,000000;
10,06,51,422;-5,000000;-13,000000;-14,000000;15,000000;18,000000;14,000000;
10,06,51,454;-5,000000;-13,000000;-14,000000;15,000000;18,000000;14,000000;
10,06,51,488;-5,000000;-13,000000;-14,000000;15,000000;17,000000;13,000000;
10,06,51,522;-5,000000;-12,000000;-17,000000;15,000000;17,000000;13,000000;
10,06,51,558;-5,000000;-12,000000;-17,000000;15,000000;17,000000;13,000000;
10,06,51,592;-5,000000;-13,000000;-17,000000;15,000000;17,000000;13,000000;
10,06,51,623;-5,000000;-13,000000;-17,000000;14,000000;15,000000;13,000000;
10,06,51,657;-5,000000;-13,000000;-17,000000;14,000000;15,000000;13,000000;
10,06,51,696;-5,000000;-13,000000;-17,000000;14,000000;14,000000;12,000000;
10,06,51,730;-6,000000;-13,000000;-15,000000;14,000000;14,000000;12,000000;
10,06,51,765;-6,000000;-13,000000;-15,000000;14,000000;13,000000;12,000000;
10,06,51,796;-6,000000;-13,000000;-15,000000;14,000000;13,000000;12,000000;
10,06,51,828;-6,000000;-13,000000;-15,000000;14,000000;13,000000;12,000000;
10,11,07,896;0,000000;2,000000;0,000000;0,000000;-1,000000;0,000000;
10,11,07,905;0,000000;2,000000;0,000000;0,000000;-1,000000;0,000000;
10,11,07,938;0,000000;2,000000;0,000000;0,000000;-2,000000;0,000000;
10,11,07,970;0,000000;2,000000;0,000000;0,000000;-2,000000;0,000000;
10,11,08,003;0,000000;2,000000;0,000000;0,000000;-1,000000;0,000000;
10,11,08,035;0,000000;2,000000;0,000000;0,000000;-1,000000;0,000000;
10,11,08,067;0,000000;2,000000;0,000000;0,000000;-1,000000;0,000000;
10,11,08,102;0,000000;1,000000;0,000000;0,000000;-1,000000;0,000000;
10,11,08,134;0,000000;1,000000;0,000000;0,000000;-1,000000;0,000000;
10,11,08,166;0,000000;1,000000;0,000000;0,000000;-1,000000;0,000000;
10,11,08,197;0,000000;1,000000;0,000000;0,000000;-1,000000;0,000000;
10,11,08,229;0,000000;2,000000;0,000000;0,000000;-1,000000;0,000000;
10,11,08,262;0,000000;2,000000;0,000000;0,000000;-1,000000;-1,000000;
10,11,08,295;0,000000;2,000000;0,000000;0,000000;-1,000000;-1,000000;
10,11,08,328;0,000000;2,000000;0,000000;0,000000;-1,000000;-1,000000;
10,11,08,359;0,000000;2,000000;0,000000;0,000000;-1,000000;-1,000000;
10,11,08,392;0,000000;2,000000;0,000000;0,000000;-1,000000;-1,000000;
10,11,08,424;0,000000;2,000000;0,000000;0,000000;-1,000000;-1,000000;
10,11,08,456;0,000000;2,000000;0,000000;0,000000;-1,000000;-1,000000;
10,11,08,488;0,000000;2,000000;0,000000;0,000000;-1,000000;-1,000000;
10,11,08,520;0,000000;2,000000;0,000000;0,000000;-1,000000;-1,000000;
10,11,08,552;0,000000;2,000000;0,000000;0,000000;-1,000000;-1,000000;
10,11,08,583;0,000000;2,000000;0,000000;0,000000;0,000000;-1,000000;
10,11,08,617;0,000000;2,000000;0,000000;0,000000;0,000000;-1,000000;
10,11,08,649;0,000000;2,000000;0,000000;0,000000;0,000000;0,000000;
10,11,08,681;0,000000;2,000000;0,000000;0,000000;0,000000;0,000000;
10,11,08,713;0,000000;2,000000;0,000000;0,000000;0,000000;0,000000;
10,11,08,745;0,000000;2,000000;0,000000;0,000000;0,000000;0,000000;
10,11,08,779;0,000000;2,000000;0,000000;0,000000;0,000000;0,000000;
10,11,08,810;0,000000;2,000000;0,000000;0,000000;0,000000;0,000000;
10,11,08,842;0,000000;2,000000;0,000000;0,000000;0,000000;0,000000;
10,11,08,873;0,000000;1,000000;0,000000;0,000000;0,000000;0,000000;
10,11,08,905;0,000000;1,000000;0,000000;0,000000;0,000000;0,000000;
10,11,08,937;0,000000;2,000000;0,000000;0,000000;0,000000;0,000000;
10,11,08,969;0,000000;2,000000;0,000000;0,000000;0,000000;0,000000;
10,11,09,001;0,000000;2,000000;0,000000;0,000000;0,000000;0,000000;
10,11,09,033;0,000000;2,000000;0,000000;0,000000;-1,000000;-1,000000;
10,11,09,065;0,000000;1,000000;0,000000;0,000000;-1,000000;-1,000000;
10,11,09,096;0,000000;1,000000;0,000000;0,000000;-1,000000;-1,000000;
10,11,09,128;0,000000;1,000000;0,000000;0,000000;-1,000000;-1,000000;
10,11,09,160;0,000000;1,000000;0,000000;0,000000;-1,000000;-1,000000;
10,11,09,192;0,000000;2,000000;0,000000;0,000000;-1,000000;-1,000000;
10,11,09,224;0,000000;2,000000;0,000000;0,000000;-1,000000;-1,000000;
10,11,09,257;0,000000;2,000000;0,000000;0,000000;-1,000000;-1,000000;
10,11,09,289;0,000000;2,000000;0,000000;0,000000;-1,000000;-1,000000;
10,11,09,321;0,000000;1,000000;0,000000;0,000000;-1,000000;-1,000000;
10,11,09,353;0,000000;1,000000;0,000000;0,000000;0,000000;0,000000;
10,11,09,385;0,000000;1,000000;0,000000;0,000000;0,000000;0,000000;
10,11,09,418;0,000000;1,000000;0,000000;0,000000;0,000000;0,000000;
10,11,09,450;0,000000;1,000000;0,000000;0,000000;0,000000;0,000000;
10,11,09,488;0,000000;1,000000;0,000000;0,000000;0,000000;0,000000;
10,11,09,520;0,000000;1,000000;0,000000;0,000000;0,000000;0,000000;
10,11,09,552;0,000000;1,000000;0,000000;0,000000;0,000000;0,000000;
10,11,09,584;0,000000;1,000000;0,000000;0,000000;0,000000;0,000000;
10,11,09,616;0,000000;1,000000;0,000000;0,000000;-1,000000;0,000000;
10,11,09,648;0,000000;1,000000;0,000000;0,000000;-1,000000;0,000000;
10,11,09,680;0,000000;1,000000;0,000000;0,000000;-1,000000;0,000000;
10,11,09,711;0,000000;2,000000;0,000000;0,000000;-1,000000;0,000000;
10,11,09,743;0,000000;2,000000;0,000000;0,000000;-1,000000;-1,000000;
10,11,09,775;0,000000;1,000000;0,000000;0,000000;-1,000000;-1,000000;
10,11,09,807;0,000000;1,000000;0,000000;0,000000;-1,000000;-1,000000;
10,11,09,841;0,000000;2,000000;0,000000;0,000000;-1,000000;-1,000000;
10,11,09,872;0,000000;2,000000;0,000000;0,000000;-1,000000;-1,000000;
10,11,09,905;0,000000;2,000000;0,000000;0,000000;-1,000000;-1,000000;
10,11,09,936;0,000000;2,000000;0,000000;0,000000;0,000000;-1,000000;
10,11,09,968;0,000000;2,000000;0,000000;0,000000;0,000000;-1,000000;
10,11,10,000;0,000000;2,000000;0,000000;0,000000;0,000000;-1,000000;
10,11,10,032;0,000000;1,000000;0,000000;0,000000;0,000000;-1,000000;
10,11,10,064;0,000000;1,000000;0,000000;0,000000;0,000000;0,000000;
10,11,10,097;0,000000;1,000000;0,000000;0,000000;0,000000;0,000000;
10,11,10,136;0,000000;1,000000;0,000000;0,000000;0,000000;0,000000;
10,11,10,168;0,000000;1,000000;0,000000;0,000000;0,000000;0,000000;
10,11,10,200;0,000000;1,000000;0,000000;0,000000;0,000000;0,000000;
10,11,10,236;0,000000;1,000000;0,000000;0,000000;0,000000;0,000000;
10,11,10,268;0,000000;1,000000;0,000000;0,000000;0,000000;0,000000;
10,11,10,303;0,000000;1,000000;0,000000;0,000000;0,000000;0,000000;
10,11,10,334;0,000000;1,000000;0,000000;0,000000;0,000000;0,000000;
10,11,10,366;0,000000;1,000000;0,000000;0,000000;0,000000;0,000000;
10,11,10,398;0,000000;1,000000;0,000000;0,000000;0,000000;0,000000;
10,11,10,429;0,000000;1,000000;0,000000;0,000000;0,000000;0,000000;
10,11,10,461;0,000000;1,000000;0,000000;0,000000;-1,000000;0,000000;
10,11,10,493;0,000000;1,000000;0,000000;0,000000;-1,000000;0,000000;
10,11,10,525;0,000000;1,000000;0,000000;0,000000;-1,000000;0,000000;
10,11,10,557;0,000000;0,000000;0,000000;0,000000;-1,000000;0,000000;
10,11,10,589;0,000000;0,000000;0,000000;0,000000;-1,000000;0,000000;
10,11,10,621;0,000000;0,000000;0,000000;0,000000;-1,000000;0,000000;
10,11,10,653;0,000000;0,000000;0,000000;0,000000;-2,000000;0,000000;
10,11,10,685;0,000000;1,000000;0,000000;0,000000;-2,000000;0,000000;
10,11,10,718;0,000000;1,000000;0,000000;0,000000;-2,000000;0,000000;
10,11,10,751;0,000000;1,000000;0,000000;0,000000;-2,000000;0,000000;
10,11,10,783;0,000000;1,000000;0,000000;0,000000;-2,000000;0,000000;
10,11,10,815;0,000000;1,000000;0,000000;0,000000;-2,000000;0,000000;
10,11,10,847;0,000000;1,000000;0,000000;0,000000;-1,000000;0,000000;
10,11,10,878;0,000000;1,000000;0,000000;0,000000;-1,000000;0,000000;
10,11,10,910;0,000000;1,000000;0,000000;0,000000;-1,000000;0,000000;
10,11,10,943;0,000000;1,000000;0,000000;0,000000;-1,000000;0,000000;
10,11,10,974;0,000000;1,000000;0,000000;0,000000;-1,000000;0,000000;
10,11,11,007;0,000000;1,000000;0,000000;0,000000;-1,000000;0,000000;
10,11,11,039;0,000000;1,000000;0,000000;0,000000;-1,000000;0,000000;
10,11,11,074;0,000000;1,000000;0,000000;0,000000;-1,000000;0,000000;
10,11,11,107;0,000000;1,000000;0,000000;0,000000;-2,000000;0,000000;
10,11,11,140;0,000000;2,000000;0,000000;0,000000;-2,000000;0,000000;
10,11,11,172;0,000000;2,000000;0,000000;0,000000;-2,000000;0,000000;
10,11,11,205;0,000000;2,000000;0,000000;0,000000;-2,000000;0,000000;
10,11,11,236;0,000000;2,000000;0,000000;0,000000;-2,000000;0,000000;
10,11,11,268;0,000000;2,000000;0,000000;0,000000;-2,000000;0,000000;
10,11,11,304;0,000000;2,000000;0,000000;0,000000;-2,000000;0,000000;
10,11,11,338;0,000000;1,000000;0,000000;0,000000;-2,000000;0,000000;
10,11,11,373;0,000000;1,000000;0,000000;0,000000;-2,000000;0,000000;
10,11,11,417;0,000000;1,000000;0,000000;0,000000;-2,000000;0,000000;
10,11,11,450;0,000000;1,000000;0,000000;0,000000;-2,000000;0,000000;
10,11,11,481;0,000000;1,000000;0,000000;0,000000;-2,000000;0,000000;
10,11,11,513;0,000000;1,000000;0,000000;0,000000;-2,000000;0,000000;
10,11,15,281;0,000000;1,000000;0,000000;0,000000;-2,000000;0,000000;
10,11,15,282;0,000000;1,000000;0,000000;0,000000;0,000000;0,000000;
10,11,15,316;0,000000;0,000000;0,000000;0,000000;0,000000;0,000000;
10,11,15,348;0,000000;0,000000;0,000000;0,000000;0,000000;0,000000;
10,11,15,380;0,000000;0,000000;0,000000;0,000000;0,000000;0,000000;
10,11,15,412;0,000000;0,000000;0,000000;0,000000;0,000000;0,000000;
10,11,15,444;0,000000;0,000000;0,000000;0,000000;0,000000;0,000000;
10,11,15,475;0,000000;0,000000;0,000000;0,000000;0,000000;0,000000;
10,11,15,507;0,000000;0,000000;0,000000;0,000000;0,000000;0,000000;
10,11,15,539;0,000000;0,000000;0,000000;0,000000;0,000000;0,000000;
10,11,15,570;0,000000;0,000000;0,000000;0,000000;0,000000;0,000000;
10,11,15,602;0,000000;0,000000;0,000000;0,000000;0,000000;0,000000;
10,11,15,635;0,000000;0,000000;0,000000;0,000000;0,000000;0,000000;
10,11,15,668;0,000000;0,000000;0,000000;0,000000;0,000000;0,000000;
10,11,15,700;0,000000;0,000000;0,000000;0,000000;0,000000;0,000000;
10,11,15,733;0,000000;0,000000;0,000000;0,000000;0,000000;0,000000;
10,11,15,765;0,000000;0,000000;0,000000;0,000000;0,000000;0,000000;
10,11,15,798;0,000000;0,000000;0,000000;0,000000;0,000000;0,000000;
10,11,15,829;0,000000;0,000000;0,000000;0,000000;0,000000;0,000000;
10,11,15,861;0,000000;0,000000;0,000000;0,000000;0,000000;0,000000;
10,11,15,893;0,000000;0,000000;0,000000;0,000000;0,000000;0,000000;
10,11,15,925;0,000000;0,000000;0,000000;0,000000;0,000000;0,000000;
10,11,15,957;0,000000;0,000000;0,000000;0,000000;0,000000;0,000000;
10,11,15,991;0,000000;0,000000;0,000000;0,000000;0,000000;0,000000;
10,11,16,024;0,000000;0,000000;0,000000;0,000000;0,000000;0,000000;
10,11,16,056;0,000000;0,000000;0,000000;0,000000;0,000000;0,000000;
10,11,16,088;0,000000;0,000000;0,000000;0,000000;0,000000;0,000000;
10,11,16,120;0,000000;0,000000;0,000000;0,000000;0,000000;0,000000;
10,11,16,152;0,000000;0,000000;0,000000;0,000000;0,000000;0,000000;
10,11,16,184;0,000000;0,000000;0,000000;0,000000;0,000000;0,000000;
10,11,16,216;0,000000;0,000000;0,000000;0,000000;0,000000;0,000000;
10,11,16,248;0,000000;0,000000;0,000000;0,000000;0,000000;0,000000;
10,11,16,280;0,000000;0,000000;0,000000;0,000000;0,000000;0,000000;
10,11,16,311;0,000000;0,000000;0,000000;0,000000;0,000000;0,000000;
10,11,16,344;0,000000;0,000000;0,000000;0,000000;0,000000;0,000000;
10,11,16,375;0,000000;0,000000;0,000000;0,000000;0,000000;0,000000;
10,11,16,406;0,000000;0,000000;0,000000;0,000000;0,000000;0,000000;
10,11,16,438;0,000000;0,000000;0,000000;0,000000;0,000000;0,000000;
10,11,16,470;0,000000;0,000000;0,000000;0,000000;0,000000;0,000000;
10,11,16,502;0,000000;0,000000;0,000000;0,000000;0,000000;0,000000;
10,11,16,533;0,000000;0,000000;0,000000;0,000000;0,000000;0,000000;
10,11,16,565;0,000000;0,000000;0,000000;0,000000;0,000000;0,000000;
10,11,16,597;0,000000;0,000000;0,000000;0,000000;0,000000;0,000000;
10,11,16,628;0,000000;0,000000;0,000000;0,000000;0,000000;0,000000;
10,11,16,663;0,000000;0,000000;0,000000;0,000000;0,000000;0,000000;
10,11,16,694;0,000000;0,000000;0,000000;0,000000;0,000000;0,000000;
10,11,16,726;0,000000;0,000000;0,000000;0,000000;0,000000;0,000000;
10,11,16,758;0,000000;0,000000;0,000000;0,000000;0,000000;0,000000;
10,11,16,789;0,000000;0,000000;0,000000;0,000000;0,000000;0,000000;
10,11,16,823;0,000000;0,000000;0,000000;0,000000;0,000000;0,000000;
10,11,16,855;0,000000;0,000000;0,000000;0,000000;0,000000;0,000000;
10,11,16,886;0,000000;0,000000;0,000000;0,000000;0,000000;0,000000;
10,11,16,918;0,000000;0,000000;0,000000;0,000000;0,000000;0,000000;
10,11,16,951;0,000000;0,000000;0,000000;0,000000;0,000000;0,000000;
10,11,16,983;0,000000;0,000000;0,000000;0,000000;0,000000;0,000000;
10,11,17,017;0,000000;0,000000;0,000000;0,000000;0,000000;0,000000;
10,11,17,050;0,000000;0,000000;0,000000;0,000000;0,000000;0,000000;
10,11,17,085;0,000000;0,000000;0,000000;0,000000;0,000000;0,000000;
10,11,17,119;0,000000;0,000000;0,000000;0,000000;0,000000;0,000000;
10,11,17,152;0,000000;0,000000;0,000000;0,000000;0,000000;0,000000;
10,11,17,184;0,000000;0,000000;0,000000;0,000000;0,000000;0,000000;
10,11,17,217;0,000000;0,000000;0,000000;0,000000;0,000000;0,000000;
10,11,17,251;0,000000;0,000000;0,000000;0,000000;0,000000;0,000000;
10,11,17,283;0,000000;0,000000;0,000000;0,000000;0,000000;0,000000;
10,11,17,315;0,000000;0,000000;0,000000;0,000000;0,000000;0,000000;
10,11,17,347;0,000000;0,000000;0,000000;0,000000;0,000000;0,000000;
10,11,17,379;0,000000;0,000000;0,000000;0,000000;0,000000;0,000000;
10,11,17,411;0,000000;0,000000;0,000000;0,000000;0,000000;0,000000;
10,11,17,444;0,000000;0,000000;0,000000;0,000000;0,000000;0,000000;
10,11,17,475;0,000000;0,000000;0,000000;0,000000;0,000000;0,000000;
10,11,17,507;0,000000;0,000000;0,000000;0,000000;0,000000;0,000000;
10,11,17,539;0,000000;0,000000;0,000000;0,000000;0,000000;0,000000;
10,11,17,571;0,000000;0,000000;0,000000;0,000000;0,000000;0,000000;
10,11,17,604;0,000000;0,000000;0,000000;0,000000;0,000000;0,000000;
10,11,17,635;0,000000;0,000000;0,000000;0,000000;0,000000;0,000000;
10,11,17,668;0,000000;0,000000;0,000000;0,000000;0,000000;0,000000;
10,11,17,700;0,000000;0,000000;0,000000;0,000000;0,000000;0,000000;
10,11,17,732;0,000000;0,000000;0,000000;0,000000;0,000000;0,000000;
10,11,17,763;0,000000;0,000000;0,000000;0,000000;0,000000;0,000000;
10,11,17,795;0,000000;0,000000;0,000000;0,000000;0,000000;0,000000;
10,11,17,827;0,000000;0,000000;0,000000;0,000000;0,000000;0,000000;
10,11,17,859;0,000000;0,000000;0,000000;0,000000;0,000000;0,000000;
10,11,17,891;0,000000;0,000000;0,000000;0,000000;0,000000;0,000000;
10,11,17,923;0,000000;0,000000;0,000000;0,000000;0,000000;0,000000;
10,11,17,955;0,000000;0,000000;0,000000;0,000000;0,000000;0,000000;
10,11,17,986;0,000000;0,000000;0,000000;0,000000;0,000000;0,000000;
10,11,18,018;0,000000;0,000000;0,000000;0,000000;0,000000;0,000000;
10,11,18,051;0,000000;0,000000;0,000000;0,000000;0,000000;0,000000;
10,11,18,085;0,000000;0,000000;0,000000;0,000000;0,000000;0,000000;
10,11,18,117;0,000000;0,000000;0,000000;0,000000;0,000000;0,000000;
10,11,18,152;0,000000;0,000000;0,000000;0,000000;0,000000;0,000000;
10,11,18,183;0,000000;0,000000;0,000000;0,000000;0,000000;0,000000;
10,11,18,215;0,000000;0,000000;0,000000;0,000000;0,000000;0,000000;
10,11,18,247;0,000000;0,000000;0,000000;0,000000;0,000000;0,000000;
10,11,18,279;0,000000;0,000000;0,000000;0,000000;0,000000;0,000000;
10,11,18,311;0,000000;0,000000;0,000000;0,000000;0,000000;0,000000;
10,11,18,343;0,000000;0,000000;0,000000;0,000000;0,000000;0,000000;
10,11,18,374;0,000000;0,000000;0,000000;0,000000;0,000000;0,000000;
10,11,18,407;0,000000;0,000000;0,000000;0,000000;0,000000;0,000000;
10,11,18,439;0,000000;0,000000;0,000000;0,000000;0,000000;0,000000;
10,11,18,470;0,000000;0,000000;0,000000;0,000000;0,000000;0,000000;
10,11,18,502;0,000000;0,000000;0,000000;0,000000;0,000000;0,000000;
10,11,18,533;0,000000;0,000000;0,000000;0,000000;0,000000;0,000000;
10,11,18,566;0,000000;0,000000;0,000000;0,000000;0,000000;0,000000;
10,11,18,597;0,000000;0,000000;0,000000;0,000000;0,000000;0,000000;
10,11,18,630;0,000000;0,000000;0,000000;0,000000;0,000000;0,000000;
10,11,18,663;0,000000;0,000000;0,000000;0,000000;0,000000;0,000000;
10,11,18,694;0,000000;0,000000;0,000000;0,000000;0,000000;0,000000;
10,11,18,726;0,000000;0,000000;0,000000;0,000000;0,000000;0,000000;
10,11,18,759;0,000000;0,000000;0,000000;0,000000;0,000000;0,000000;
10,11,18,790;0,000000;0,000000;0,000000;0,000000;0,000000;0,000000;
10,11,18,822;0,000000;0,000000;0,000000;0,000000;0,000000;0,000000;
10,11,18,854;0,000000;0,000000;0,000000;0,000000;0,000000;0,000000;
10,11,18,886;0,000000;0,000000;0,000000;0,000000;0,000000;0,000000;
10,11,18,919;0,000000;0,000000;0,000000;0,000000;0,000000;0,000000;
10,11,18,951;0,000000;0,000000;0,000000;0,000000;0,000000;0,000000;
10,11,18,982;0,000000;0,000000;0,000000;0,000000;0,000000;0,000000;
10,11,19,014;0,000000;0,000000;0,000000;0,000000;0,000000;0,000000;
10,11,19,045;0,000000;0,000000;0,000000;0,000000;0,000000;0,000000;
10,11,19,078;0,000000;0,000000;0,000000;0,000000;0,000000;0,000000;
10,11,19,109;0,000000;0,000000;0,000000;0,000000;0,000000;0,000000;
10,11,19,141;0,000000;0,000000;0,000000;0,000000;0,000000;0,000000;
10,11,19,172;0,000000;0,000000;0,000000;0,000000;0,000000;0,000000;
10,11,19,205;0,000000;0,000000;0,000000;0,000000;0,000000;0,000000;
10,11,19,236;0,000000;0,000000;0,000000;0,000000;0,000000;0,000000;
10,11,19,269;0,000000;0,000000;0,000000;0,000000;0,000000;0,000000;
10,11,19,301;0,000000;0,000000;0,000000;0,000000;0,000000;0,000000;
10,11,19,334;0,000000;0,000000;0,000000;0,000000;0,000000;0,000000;
10,11,19,366;0,000000;0,000000;0,000000;0,000000;0,000000;0,000000;
10,11,19,398;0,000000;0,000000;0,000000;0,000000;0,000000;0,000000;
10,11,19,430;0,000000;0,000000;0,000000;0,000000;0,000000;0,000000;
10,11,19,462;0,000000;0,000000;0,000000;0,000000;0,000000;0,000000;
10,11,19,494;0,000000;0,000000;0,000000;0,000000;0,000000;0,000000;
10,11,19,501;0,000000;0,000000;0,000000;0,000000;0,000000;0,000000;
10,11,19,508;0,000000;0,000000;0,000000;0,000000;0,000000;0,000000;
10,11,19,515;0,000000;0,000000;0,000000;0,000000;0,000000;0,000000;
10,11,19,522;0,000000;0,000000;0,000000;0,000000;0,000000;0,000000;
10,11,19,542;0,000000;0,000000;0,000000;0,000000;0,000000;0,000000;
10,11,19,551;0,000000;0,000000;0,000000;0,000000;0,000000;0,000000;
10,11,19,561;0,000000;0,000000;0,000000;0,000000;0,000000;0,000000;
10,11,19,568;0,000000;0,000000;0,000000;0,000000;0,000000;0,000000;
10,11,19,574;0,000000;0,000000;0,000000;0,000000;0,000000;0,000000;
10,11,19,580;0,000000;0,000000;0,000000;0,000000;0,000000;0,000000;
10,11,19,586;0,000000;0,000000;0,000000;0,000000;0,000000;0,000000;
10,11,19,593;0,000000;0,000000;0,000000;0,000000;0,000000;0,000000;
10,11,19,599;0,000000;0,000000;0,000000;0,000000;0,000000;0,000000;
10,11,19,605;0,000000;0,000000;0,000000;0,000000;0,000000;0,000000;
10,11,19,612;0,000000;0,000000;0,000000;0,000000;0,000000;0,000000;
10,11,19,619;0,000000;0,000000;0,000000;0,000000;0,000000;0,000000;
10,11,19,625;0,000000;0,000000;0,000000;0,000000;0,000000;0,000000;
10,11,19,632;0,000000;0,000000;0,000000;0,000000;0,000000;0,000000;
10,11,19,638;0,000000;0,000000;0,000000;0,000000;0,000000;0,000000;
10,11,19,645;0,000000;0,000000;0,000000;0,000000;0,000000;0,000000;
10,11,19,650;0,000000;0,000000;0,000000;0,000000;0,000000;0,000000;
10,11,19,656;0,000000;0,000000;0,000000;0,000000;0,000000;0,000000;
10,11,19,661;0,000000;0,000000;0,000000;0,000000;0,000000;0,000000;
10,11,19,667;0,000000;0,000000;0,000000;0,000000;0,000000;0,000000;
10,11,19,672;0,000000;0,000000;0,000000;0,000000;0,000000;0,000000;
10,11,19,678;0,000000;0,000000;0,000000;0,000000;0,000000;0,000000;
10,11,19,684;0,000000;0,000000;0,000000;0,000000;0,000000;0,000000;
10,11,19,690;0,000000;0,000000;0,000000;0,000000;0,000000;0,000000;
10,11,19,695;0,000000;0,000000;0,000000;0,000000;0,000000;0,000000;
10,11,19,701;0,000000;0,000000;0,000000;0,000000;0,000000;0,000000;
10,11,19,706;0,000000;0,000000;0,000000;0,000000;0,000000;0,000000;
10,11,19,712;0,000000;0,000000;0,000000;0,000000;0,000000;0,000000;
10,11,19,717;0,000000;0,000000;0,000000;0,000000;0,000000;0,000000;
10,11,19,722;0,000000;0,000000;0,000000;0,000000;0,000000;0,000000;
10,11,19,728;0,000000;0,000000;0,000000;0,000000;0,000000;0,000000;
10,11,19,734;0,000000;0,000000;0,000000;0,000000;0,000000;0,000000;
10,11,19,739;0,000000;0,000000;0,000000;0,000000;0,000000;0,000000;
10,11,19,745;0,000000;0,000000;0,000000;0,000000;0,000000;0,000000;
10,11,19,750;0,000000;0,000000;0,000000;0,000000;0,000000;0,000000;
10,11,19,755;0,000000;0,000000;0,000000;0,000000;0,000000;0,000000;
10,11,19,760;0,000000;0,000000;0,000000;0,000000;0,000000;0,000000;
10,11,19,766;0,000000;0,000000;0,000000;0,000000;0,000000;0,000000;
10,11,19,771;0,000000;0,000000;0,000000;0,000000;0,000000;0,000000;
10,11,19,776;0,000000;0,000000;0,000000;0,000000;0,000000;0,000000;
10,11,19,782;0,000000;0,000000;0,000000;0,000000;0,000000;0,000000;
10,11,19,788;0,000000;0,000000;0,000000;0,000000;0,000000;0,000000;
10,11,19,793;0,000000;0,000000;0,000000;0,000000;0,000000;0,000000;
10,11,19,799;0,000000;0,000000;0,000000;0,000000;0,000000;0,000000;
10,11,19,804;0,000000;0,000000;0,000000;0,000000;0,000000;0,000000;
10,11,19,810;0,000000;0,000000;0,000000;0,000000;0,000000;0,000000;
10,11,19,816;0,000000;0,000000;0,000000;0,000000;0,000000;0,000000;
10,11,19,821;0,000000;0,000000;0,000000;0,000000;0,000000;0,000000;
10,11,19,827;0,000000;0,000000;0,000000;0,000000;0,000000;0,000000;
10,11,19,833;0,000000;0,000000;0,000000;0,000000;0,000000;0,000000;
10,11,19,839;0,000000;0,000000;0,000000;0,000000;0,000000;0,000000;
10,11,19,845;0,000000;0,000000;0,000000;0,000000;0,000000;0,000000;
10,11,19,850;0,000000;0,000000;0,000000;0,000000;0,000000;0,000000;
10,11,19,856;0,000000;0,000000;0,000000;0,000000;0,000000;0,000000;
10,11,19,862;0,000000;0,000000;0,000000;0,000000;0,000000;0,000000;
10,11,19,867;0,000000;0,000000;0,000000;0,000000;0,000000;0,000000;
10,11,19,872;0,000000;0,000000;0,000000;0,000000;0,000000;0,000000;
10,11,19,877;0,000000;0,000000;0,000000;0,000000;0,000000;0,000000;
10,11,19,883;0,000000;0,000000;0,000000;0,000000;0,000000;0,000000;
10,11,19,888;0,000000;0,000000;0,000000;0,000000;0,000000;0,000000;
10,11,19,893;0,000000;0,000000;0,000000;0,000000;0,000000;0,000000;
10,11,19,898;0,000000;0,000000;0,000000;0,000000;0,000000;0,000000;
10,11,19,903;0,000000;0,000000;0,000000;0,000000;0,000000;0,000000;
10,11,19,909;0,000000;0,000000;0,000000;0,000000;0,000000;0,000000;
10,11,19,914;0,000000;0,000000;0,000000;0,000000;0,000000;0,000000;
10,11,19,919;0,000000;0,000000;0,000000;0,000000;0,000000;0,000000;
10,11,19,924;0,000000;0,000000;0,000000;0,000000;0,000000;0,000000;
10,11,19,930;0,000000;0,000000;0,000000;0,000000;0,000000;0,000000;
10,11,19,935;0,000000;0,000000;0,000000;0,000000;0,000000;0,000000;
10,11,19,941;0,000000;0,000000;0,000000;0,000000;0,000000;0,000000;
10,11,19,946;0,000000;0,000000;0,000000;0,000000;0,000000;0,000000;
10,11,19,951;0,000000;0,000000;0,000000;0,000000;0,000000;0,000000;
10,11,19,956;0,000000;0,000000;0,000000;0,000000;0,000000;0,000000;
10,11,19,962;0,000000;0,000000;0,000000;0,000000;0,000000;0,000000;
10,11,19,967;0,000000;0,000000;0,000000;0,000000;0,000000;0,000000;
10,11,19,972;0,000000;0,000000;0,000000;0,000000;0,000000;0,000000;
10,11,19,978;0,000000;0,000000;0,000000;0,000000;0,000000;0,000000;
10,11,19,983;0,000000;0,000000;0,000000;0,000000;0,000000;0,000000;
10,11,19,988;0,000000;0,000000;0,000000;0,000000;0,000000;0,000000;
10,11,19,993;0,000000;0,000000;0,000000;0,000000;0,000000;0,000000;
10,11,19,999;0,000000;0,000000;0,000000;0,000000;0,000000;0,000000;
10,11,20,005;0,000000;0,000000;0,000000;0,000000;0,000000;0,000000;
10,11,20,010;0,000000;0,000000;0,000000;0,000000;0,000000;0,000000;
10,11,20,015;0,000000;0,000000;0,000000;0,000000;0,000000;0,000000;
10,11,20,020;0,000000;0,000000;0,000000;0,000000;0,000000;0,000000;
10,11,20,030;0,000000;0,000000;0,000000;0,000000;0,000000;0,000000;
10,11,20,035;0,000000;0,000000;0,000000;0,000000;0,000000;0,000000;
10,11,20,040;0,000000;0,000000;0,000000;0,000000;0,000000;0,000000;
10,11,20,046;0,000000;0,000000;0,000000;0,000000;0,000000;0,000000;
10,11,20,052;0,000000;0,000000;0,000000;0,000000;0,000000;0,000000;
10,11,20,057;0,000000;0,000000;0,000000;0,000000;0,000000;0,000000;
10,11,20,062;0,000000;0,000000;0,000000;0,000000;0,000000;0,000000;
10,11,20,068;0,000000;0,000000;0,000000;0,000000;0,000000;0,000000;
10,11,20,073;0,000000;0,000000;0,000000;0,000000;0,000000;0,000000;
10,11,20,079;0,000000;0,000000;0,000000;0,000000;0,000000;0,000000;
10,11,20,085;0,000000;0,000000;0,000000;0,000000;0,000000;0,000000;
10,11,20,090;0,000000;0,000000;0,000000;0,000000;0,000000;0,000000;
10,11,20,095;0,000000;0,000000;0,000000;0,000000;0,000000;0,000000;
10,11,20,101;0,000000;0,000000;0,000000;0,000000;0,000000;0,000000;
10,11,20,106;0,000000;0,000000;0,000000;0,000000;0,000000;0,000000;
10,11,20,111;0,000000;0,000000;0,000000;0,000000;0,000000;0,000000;
10,11,20,116;0,000000;0,000000;0,000000;0,000000;0,000000;0,000000;
10,11,20,121;0,000000;0,000000;0,000000;0,000000;0,000000;0,000000;
10,11,20,128;0,000000;0,000000;0,000000;0,000000;0,000000;0,000000;
10,11,20,134;0,000000;0,000000;0,000000;0,000000;0,000000;0,000000;
10,11,20,140;0,000000;0,000000;0,000000;0,000000;0,000000;0,000000;
10,11,20,145;0,000000;0,000000;0,000000;0,000000;0,000000;0,000000;
10,11,20,150;0,000000;0,000000;0,000000;0,000000;0,000000;0,000000;
10,11,20,155;0,000000;0,000000;0,000000;0,000000;0,000000;0,000000;
10,11,20,161;0,000000;0,000000;0,000000;0,000000;0,000000;0,000000;
10,11,20,166;0,000000;0,000000;0,000000;0,000000;0,000000;0,000000;
10,11,20,171;0,000000;0,000000;0,000000;0,000000;0,000000;0,000000;
